Timestamp,EventDate,EventType,Prospect ID,Unit ID
11/20/2025 11:54:01,2025-11-20,NEW_LEAD,602384,25257
11/20/2025 12:59:07,2025-11-20,NEW_LEAD,602593,25258
11/20/2025 12:59:12,2025-11-20,NEW_LEAD,602594,25258
11/20/2025 12:59:36,2025-11-20,NEW_LEAD,602596,25258
11/20/2025 12:59:42,2025-11-20,NEW_LEAD,602597,25258
11/20/2025 13:04:01,2025-11-20,SHOWING_COMPLETED,590545,23534
11/20/2025 13:20:26,2025-11-20,NEW_LEAD,602807,25225
11/20/2025 13:32:42,2025-11-20,NEW_LEAD,602855,24254
11/20/2025 15:18:04,2025-11-20,NEW_LEAD,603258,25225
11/20/2025 16:53:23,2025-11-20,NEW_LEAD,603625,24254
11/20/2025 17:01:17,2025-11-20,NEW_LEAD,603660,23539
11/20/2025 17:04:03,2025-11-20,SHOWING_COMPLETED,593949,24254
11/20/2025 17:29:24,2025-11-20,NEW_LEAD,603757,23533
11/20/2025 17:31:27,2025-11-20,NEW_LEAD,603766,23536
11/20/2025 18:04:03,2025-11-20,SHOWING_COMPLETED,602855,24254
11/20/2025 19:12:39,2025-11-21,NEW_LEAD,604040,28077
11/20/2025 20:11:45,2025-11-20,APPLICATION_RECEIVED,602384,25257
11/20/2025 20:30:56,2025-11-21,NEW_LEAD,604225,28077
11/20/2025 20:53:08,2025-11-21,NEW_LEAD,604280,23534
11/20/2025 21:46:46,2025-11-21,NEW_LEAD,604387,28077
11/21/2025 8:09:23,2025-11-21,NEW_LEAD,604998,24254
11/21/2025 10:37:28,2025-11-21,NEW_LEAD,605280,28077
11/21/2025 10:56:59,2025-11-21,NEW_LEAD,605337,24254
11/21/2025 11:52:56,2025-11-21,NEW_LEAD,605501,27311
11/21/2025 12:51:34,2025-11-21,NEW_LEAD,605681,24254
11/21/2025 14:04:02,2025-11-21,SHOWING_COMPLETED,584445,25264
11/21/2025 15:04:02,2025-11-21,SHOWING_COMPLETED,597014,23529
11/21/2025 15:56:08,2025-11-21,APPLICATION_RECEIVED,602855,24254
11/21/2025 16:56:13,2025-11-21,APPLICATION_RECEIVED,600929,24254
11/21/2025 18:04:04,2025-11-21,SHOWING_COMPLETED,595245,23543
11/21/2025 18:29:52,2025-11-21,NEW_LEAD,606624,23533
11/22/2025 6:18:04,2025-11-22,NEW_LEAD,607549,23539
11/22/2025 10:25:28,2025-11-22,SHOWING_COMPLETED,603660,23539
11/22/2025 11:52:06,2025-11-22,NEW_LEAD,608016,28077
11/22/2025 12:12:16,2025-11-22,NEW_LEAD,608080,23543
11/22/2025 15:03:09,2025-11-22,SHOWING_COMPLETED,607549,23539
11/22/2025 15:19:30,2025-11-22,NEW_LEAD,608565,24254
11/23/2025 0:01:50,2025-11-23,APPLICATION_RECEIVED,603766,23536
11/23/2025 8:59:54,2025-11-23,NEW_LEAD,609881,24254
11/23/2025 14:56:35,2025-11-23,NEW_LEAD,610567,28077
11/23/2025 18:26:32,2025-11-23,NEW_LEAD,611028,23538
11/24/2025 8:33:53,2025-11-24,SHOWING_COMPLETED,605280,28077
11/24/2025 9:41:59,2025-11-24,NEW_LEAD,611963,23543
11/24/2025 9:43:44,2025-11-24,NEW_LEAD,611967,23539
11/24/2025 11:49:15,2025-11-24,NEW_LEAD,612271,28077
11/24/2025 15:02:46,2025-11-24,NEW_LEAD,612871,23534
11/24/2025 15:41:46,2025-11-24,NEW_LEAD,613003,28077
11/24/2025 16:14:23,2025-11-24,NEW_LEAD,613102,28559
11/24/2025 20:29:36,2025-11-25,NEW_LEAD,613756,24254
11/25/2025 5:30:17,2025-11-25,NEW_LEAD,614407,28559
11/25/2025 8:27:53,2025-11-25,NEW_LEAD,614508,23539
11/25/2025 13:29:47,2025-11-25,SHOWING_COMPLETED,603660,23539
11/25/2025 13:54:39,2025-11-25,NEW_LEAD,615249,24254
11/25/2025 14:19:33,2025-11-25,NEW_LEAD,615316,28559
11/25/2025 17:04:03,2025-11-25,SHOWING_COMPLETED,608016,28077
11/25/2025 17:04:03,2025-11-25,SHOWING_COMPLETED,612271,28077
11/25/2025 20:15:16,2025-11-26,NEW_LEAD,616289,23538
11/25/2025 21:19:06,2025-11-26,NEW_LEAD,616380,24254
11/26/2025 6:32:35,2025-11-26,NEW_LEAD,616846,24254
11/26/2025 7:05:19,2025-11-26,NEW_LEAD,616867,24254
11/26/2025 7:59:38,2025-11-26,NEW_LEAD,616907,28077
11/26/2025 9:03:32,2025-11-26,APPLICATION_RECEIVED,612271,28077
11/26/2025 10:03:04,2025-11-26,NEW_LEAD,617072,25264
11/26/2025 10:07:20,2025-11-26,NEW_LEAD,617083,25019
11/26/2025 10:10:04,2025-11-26,NEW_LEAD,617088,25264
11/26/2025 10:47:11,2025-11-26,NEW_LEAD,617158,24254
11/26/2025 14:57:27,2025-11-26,APPLICATION_RECEIVED,613102,28559
11/26/2025 15:23:05,2025-11-26,NEW_LEAD,617814,28559
11/26/2025 16:58:46,2025-11-26,NEW_LEAD,617986,25264
11/26/2025 22:40:11,2025-11-27,NEW_LEAD,618483,27311
11/26/2025 22:48:37,2025-11-27,NEW_LEAD,618499,23529
11/27/2025 0:45:41,2025-11-27,NEW_LEAD,618572,24254
11/27/2025 9:12:12,2025-11-27,NEW_LEAD,618787,23538
11/27/2025 12:42:18,2025-11-27,NEW_LEAD,619021,23543
11/27/2025 13:37:31,2025-11-27,NEW_LEAD,619087,28559
11/27/2025 19:58:01,2025-11-28,NEW_LEAD,619453,23543
11/28/2025 10:22:46,2025-11-28,NEW_LEAD,620071,28559
11/28/2025 10:35:06,2025-11-28,NEW_LEAD,620089,23539
11/28/2025 11:54:14,2025-11-28,NEW_LEAD,620251,28559
11/28/2025 14:40:42,2025-11-28,NEW_LEAD,620553,28559
11/28/2025 15:04:01,2025-11-28,SHOWING_COMPLETED,616907,28077
11/28/2025 15:24:41,2025-11-28,SHOWING_COMPLETED,620089,23539
11/28/2025 17:04:02,2025-11-28,SHOWING_COMPLETED,536581,25019
11/28/2025 18:18:03,2025-11-28,NEW_LEAD,620994,23536
11/28/2025 19:46:46,2025-11-29,NEW_LEAD,621116,24254
11/29/2025 11:56:00,2025-11-29,NEW_LEAD,621950,25019
11/29/2025 23:38:10,2025-11-30,NEW_LEAD,623148,28559
11/30/2025 0:10:45,2025-11-30,NEW_LEAD,623178,28559
11/30/2025 8:16:58,2025-11-30,NEW_LEAD,623413,25257
11/30/2025 10:02:17,2025-11-30,NEW_LEAD,623524,28559
11/30/2025 10:28:54,2025-11-30,NEW_LEAD,623558,28077
11/30/2025 12:34:55,2025-11-30,SHOWING_COMPLETED,614407,28559
11/30/2025 13:06:44,2025-11-30,SHOWING_COMPLETED,619021,23543
11/30/2025 15:36:49,2025-11-30,NEW_LEAD,624171,28559
11/30/2025 16:01:18,2025-11-30,NEW_LEAD,624218,28559
11/30/2025 16:44:47,2025-11-30,NEW_LEAD,624305,23543
11/30/2025 17:25:22,2025-11-30,NEW_LEAD,624388,28077
11/30/2025 17:32:45,2025-11-30,NEW_LEAD,624398,28559
11/30/2025 20:40:00,2025-12-01,NEW_LEAD,624735,23543
11/30/2025 20:50:30,2025-12-01,NEW_LEAD,624755,28077
11/30/2025 22:14:06,2025-12-01,NEW_LEAD,624889,28559
12/1/2025 13:16:51,2025-12-01,NEW_LEAD,626068,28559
12/1/2025 13:22:46,2025-12-01,NEW_LEAD,626090,23536
12/1/2025 13:22:46,2025-12-01,NEW_LEAD,626089,23538
12/1/2025 14:05:22,2025-12-01,NEW_LEAD,626244,23539
12/1/2025 14:05:52,2025-12-01,NEW_LEAD,626249,25220
12/1/2025 14:21:35,2025-12-01,NEW_LEAD,626311,23534
12/1/2025 14:50:17,2025-12-01,NEW_LEAD,626399,28559
12/1/2025 14:51:31,2025-12-01,SHOWING_COMPLETED,616289,23538
12/1/2025 15:28:37,2025-12-01,NEW_LEAD,626543,24254
12/1/2025 15:40:29,2025-12-01,APPLICATION_RECEIVED,616846,24254
12/1/2025 20:01:43,2025-12-02,NEW_LEAD,627387,25264
12/1/2025 21:27:09,2025-12-02,APPLICATION_RECEIVED,582032,23539
12/1/2025 21:27:09,2025-12-02,APPLICATION_RECEIVED,614508,23539
12/1/2025 21:52:52,2025-12-02,NEW_LEAD,627726,23538
12/1/2025 22:11:37,2025-12-02,NEW_LEAD,627775,28077
12/2/2025 1:49:26,2025-12-02,NEW_LEAD,628080,23533
12/2/2025 6:09:33,2025-12-02,NEW_LEAD,628235,24254
12/2/2025 8:28:38,2025-12-02,NEW_LEAD,628335,29253
12/2/2025 11:08:45,2025-12-02,NEW_LEAD,628668,28077
12/2/2025 12:14:11,2025-12-02,NEW_LEAD,628878,25264
12/2/2025 13:46:12,2025-12-02,NEW_LEAD,629176,28559
12/2/2025 13:47:49,2025-12-02,NEW_LEAD,629183,28559
12/2/2025 14:36:18,2025-12-02,NEW_LEAD,629357,29201
12/2/2025 14:45:53,2025-12-02,NEW_LEAD,629391,28077
12/2/2025 15:46:57,2025-12-02,SHOWING_COMPLETED,624755,28077
12/2/2025 16:13:05,2025-12-02,SHOWING_COMPLETED,624735,23543
12/2/2025 16:53:43,2025-12-02,NEW_LEAD,629831,25264
12/2/2025 16:57:10,2025-12-02,NEW_LEAD,629845,24254
12/2/2025 17:04:02,2025-12-02,SHOWING_COMPLETED,600439,25264
12/2/2025 17:04:02,2025-12-02,SHOWING_COMPLETED,617986,25264
12/2/2025 19:54:02,2025-12-03,NEW_LEAD,630505,23538
12/3/2025 6:49:39,2025-12-03,NEW_LEAD,631349,23543
12/3/2025 7:45:12,2025-12-03,NEW_LEAD,631392,24254
12/3/2025 8:01:20,2025-12-03,NEW_LEAD,631407,29201
12/3/2025 11:21:42,2025-12-03,NEW_LEAD,631816,29154
12/3/2025 15:04:04,2025-12-03,SHOWING_COMPLETED,604040,28077
12/3/2025 17:02:33,2025-12-03,NEW_LEAD,633119,28559
12/3/2025 17:04:02,2025-12-03,SHOWING_COMPLETED,617158,24254
12/3/2025 18:04:02,2025-12-03,SHOWING_COMPLETED,616846,24254
12/3/2025 18:04:02,2025-12-03,SHOWING_COMPLETED,618572,24254
12/4/2025 0:09:53,2025-12-04,NEW_LEAD,634123,27311
12/4/2025 9:13:11,2025-12-04,NEW_LEAD,634547,29154
12/4/2025 13:04:01,2025-12-04,SHOWING_COMPLETED,631392,24254
12/4/2025 15:16:23,2025-12-04,NEW_LEAD,635675,28559
12/4/2025 16:04:02,2025-12-04,SHOWING_COMPLETED,631407,29201
12/4/2025 19:39:19,2025-12-05,NEW_LEAD,636627,24254
12/4/2025 21:02:30,2025-12-05,NEW_LEAD,636791,23533
12/4/2025 23:16:52,2025-12-05,NEW_LEAD,637050,23533
12/5/2025 7:55:17,2025-12-05,NEW_LEAD,637419,25264
12/5/2025 9:15:58,2025-12-05,APPLICATION_RECEIVED,631392,24254
12/5/2025 11:31:41,2025-12-05,NEW_LEAD,637871,23533
12/5/2025 13:23:38,2025-12-05,NEW_LEAD,638281,29253
12/6/2025 6:24:36,2025-12-06,NEW_LEAD,640078,25264
12/6/2025 12:03:01,2025-12-06,SHOWING_COMPLETED,621950,25019
12/6/2025 12:04:02,2025-12-06,SHOWING_COMPLETED,627387,25264
12/6/2025 12:29:58,2025-12-06,SHOWING_COMPLETED,626089,23538
12/6/2025 15:46:22,2025-12-06,NEW_LEAD,641137,28077
12/6/2025 15:47:26,2025-12-06,APPLICATION_RECEIVED,600439,25264
12/6/2025 18:11:16,2025-12-06,NEW_LEAD,641496,23529
12/6/2025 18:14:01,2025-12-06,NEW_LEAD,641502,30340
12/6/2025 19:32:06,2025-12-07,NEW_LEAD,641660,24254
12/7/2025 10:59:25,2025-12-07,NEW_LEAD,642591,23543
12/7/2025 14:24:01,2025-12-07,NEW_LEAD,643045,24254
12/7/2025 16:55:43,2025-12-07,NEW_LEAD,643392,27311
12/7/2025 18:07:25,2025-12-07,NEW_LEAD,643564,23543
12/7/2025 22:00:59,2025-12-08,NEW_LEAD,644019,24254
12/7/2025 22:41:07,2025-12-08,NEW_LEAD,644084,27311
12/8/2025 0:44:26,2025-12-08,NEW_LEAD,644223,23534
12/8/2025 7:36:01,2025-12-08,NEW_LEAD,644451,29253
12/8/2025 9:30:22,2025-12-08,NEW_LEAD,644595,23543
12/8/2025 10:01:05,2025-12-08,SHOWING_COMPLETED,637050,23533
12/8/2025 10:32:37,2025-12-08,NEW_LEAD,644737,23533
12/8/2025 15:44:17,2025-12-08,SHOWING_COMPLETED,642591,23543
12/8/2025 16:10:13,2025-12-08,SHOWING_COMPLETED,642591,23543
12/8/2025 16:13:50,2025-12-08,NEW_LEAD,646758,23538
12/8/2025 19:08:36,2025-12-09,NEW_LEAD,647293,24254
12/8/2025 21:54:18,2025-12-09,NEW_LEAD,647677,24254
12/8/2025 22:10:54,2025-12-09,NEW_LEAD,647701,23543
12/8/2025 22:40:26,2025-12-09,NEW_LEAD,647763,29253
12/9/2025 1:34:43,2025-12-09,NEW_LEAD,648006,23534
12/9/2025 8:03:21,2025-12-09,NEW_LEAD,648256,27311
12/9/2025 8:32:05,2025-12-09,NEW_LEAD,648286,27311
12/9/2025 8:49:05,2025-12-09,NEW_LEAD,648308,29200
12/9/2025 11:52:36,2025-12-09,NEW_LEAD,648803,27311
12/9/2025 12:03:01,2025-12-09,NEW_LEAD,648831,24254
12/9/2025 12:04:01,2025-12-09,SHOWING_COMPLETED,627387,25264
12/9/2025 14:35:24,2025-12-09,NEW_LEAD,649375,30590
12/9/2025 15:52:55,2025-12-09,NEW_LEAD,649682,30591
12/9/2025 16:44:21,2025-12-09,NEW_LEAD,649843,27311
12/9/2025 17:04:02,2025-12-09,SHOWING_COMPLETED,624305,23543
12/9/2025 18:38:48,2025-12-09,NEW_LEAD,650173,23534
12/9/2025 18:41:12,2025-12-09,NEW_LEAD,650183,23543
12/9/2025 18:42:11,2025-12-09,NEW_LEAD,650187,25220
12/9/2025 21:06:24,2025-12-10,NEW_LEAD,650554,25019
12/9/2025 21:32:03,2025-12-10,NEW_LEAD,650618,24254
12/10/2025 1:30:29,2025-12-10,NEW_LEAD,651024,24254
12/10/2025 9:41:44,2025-12-10,NEW_LEAD,651434,27740
12/10/2025 10:22:20,2025-12-10,NEW_LEAD,651538,30591
12/10/2025 11:13:22,2025-12-10,NEW_LEAD,651894,30590
12/10/2025 13:04:02,2025-12-10,SHOWING_COMPLETED,596345,27311
12/10/2025 13:04:02,2025-12-10,SHOWING_COMPLETED,649843,27311
12/10/2025 13:04:02,2025-12-10,SHOWING_COMPLETED,648286,27311
12/10/2025 14:49:50,2025-12-10,NEW_LEAD,652998,23543
12/10/2025 14:55:27,2025-12-10,NEW_LEAD,653007,25019
12/10/2025 15:43:26,2025-12-10,APPLICATION_RECEIVED,653007,25019
12/10/2025 16:04:09,2025-12-10,SHOWING_COMPLETED,623413,25257
12/10/2025 18:56:40,2025-12-10,NEW_LEAD,653774,30591
12/11/2025 0:33:44,2025-12-11,NEW_LEAD,654541,30590
12/11/2025 7:51:25,2025-12-11,NEW_LEAD,654901,28077
12/11/2025 10:32:59,2025-12-11,NEW_LEAD,655226,30340
12/11/2025 10:44:12,2025-12-11,NEW_LEAD,655261,30591
12/11/2025 12:35:57,2025-12-11,NEW_LEAD,655659,30340
12/11/2025 14:04:01,2025-12-11,SHOWING_COMPLETED,651538,30591
12/11/2025 15:22:39,2025-12-11,NEW_LEAD,656363,27311
12/11/2025 15:44:01,2025-12-11,NEW_LEAD,656431,23533
12/11/2025 16:04:01,2025-12-11,SHOWING_COMPLETED,649843,27311
12/11/2025 16:11:37,2025-12-11,NEW_LEAD,656511,30590
12/11/2025 16:12:47,2025-12-11,NEW_LEAD,656518,23543
12/11/2025 17:04:02,2025-12-11,SHOWING_COMPLETED,652998,23543
12/11/2025 18:04:02,2025-12-11,SHOWING_COMPLETED,647701,23543
12/11/2025 18:16:17,2025-12-11,APPLICATION_RECEIVED,652998,23543
12/11/2025 22:34:45,2025-12-12,NEW_LEAD,657531,23543
12/11/2025 22:37:26,2025-12-12,NEW_LEAD,657541,27311
12/12/2025 6:25:02,2025-12-12,NEW_LEAD,657987,25264
12/12/2025 7:54:54,2025-12-12,NEW_LEAD,658057,30590
12/12/2025 7:56:10,2025-12-12,NEW_LEAD,658060,29154
12/12/2025 10:24:42,2025-12-12,NEW_LEAD,658315,25220
12/12/2025 15:32:23,2025-12-12,SHOWING_COMPLETED,641137,28077
12/12/2025 15:37:01,2025-12-12,SHOWING_COMPLETED,654901,28077
12/12/2025 16:04:01,2025-12-12,SHOWING_COMPLETED,644595,23543
12/12/2025 17:04:02,2025-12-12,SHOWING_COMPLETED,643564,23543
12/12/2025 17:06:13,2025-12-12,APPLICATION_RECEIVED,641137,28077
12/12/2025 18:04:01,2025-12-12,SHOWING_COMPLETED,648803,27311
12/13/2025 10:46:14,2025-12-13,NEW_LEAD,661123,23533
12/13/2025 15:39:14,2025-12-13,NEW_LEAD,661937,30340
12/13/2025 16:20:59,2025-12-13,NEW_LEAD,662042,23539
12/13/2025 17:24:08,2025-12-13,NEW_LEAD,662175,28077
12/14/2025 2:15:24,2025-12-14,NEW_LEAD,663001,24254
12/14/2025 8:06:10,2025-12-14,NEW_LEAD,663187,23534
12/14/2025 10:29:45,2025-12-14,NEW_LEAD,663406,30590
12/14/2025 14:10:22,2025-12-14,NEW_LEAD,663933,29253
12/14/2025 14:58:56,2025-12-14,NEW_LEAD,664080,28077
12/14/2025 15:26:02,2025-12-14,NEW_LEAD,664158,29154
12/14/2025 16:23:32,2025-12-14,APPLICATION_RECEIVED,648803,27311
12/14/2025 19:59:12,2025-12-15,NEW_LEAD,664793,23529
12/15/2025 7:42:59,2025-12-15,NEW_LEAD,665465,23534
12/15/2025 8:15:56,2025-12-15,APPLICATION_RECEIVED,664793,23529
12/15/2025 10:39:43,2025-12-15,NEW_LEAD,665820,29253
12/15/2025 12:52:19,2025-12-15,NEW_LEAD,666371,30340
12/15/2025 14:11:25,2025-12-15,NEW_LEAD,666757,25264
12/15/2025 16:04:02,2025-12-15,SHOWING_COMPLETED,628335,29253
12/15/2025 17:43:51,2025-12-15,NEW_LEAD,667505,23543
12/15/2025 17:43:51,2025-12-15,NEW_LEAD,667506,23534
12/15/2025 19:07:50,2025-12-16,NEW_LEAD,667842,25264
12/15/2025 23:41:34,2025-12-16,NEW_LEAD,668549,30591
12/16/2025 0:01:01,2025-12-16,NEW_LEAD,668580,29201
12/16/2025 9:54:09,2025-12-16,NEW_LEAD,669199,27311
12/16/2025 15:14:22,2025-12-16,NEW_LEAD,670907,31285
12/16/2025 16:04:02,2025-12-16,SHOWING_COMPLETED,656363,27311
12/16/2025 18:04:02,2025-12-16,SHOWING_COMPLETED,653007,25019
12/17/2025 7:42:48,2025-12-17,NEW_LEAD,672802,23533
12/17/2025 8:12:09,2025-12-17,NEW_LEAD,672844,29253
12/17/2025 11:16:39,2025-12-17,NEW_LEAD,673853,28077
12/17/2025 13:04:02,2025-12-17,SHOWING_COMPLETED,664080,28077
12/17/2025 13:07:14,2025-12-17,APPLICATION_RECEIVED,649843,27311
12/17/2025 13:08:28,2025-12-17,NEW_LEAD,674243,27740
12/17/2025 13:55:53,2025-12-17,NEW_LEAD,674431,23533
12/17/2025 14:04:01,2025-12-17,SHOWING_COMPLETED,655261,30591
12/17/2025 14:33:04,2025-12-17,NEW_LEAD,674571,23533
12/17/2025 15:04:02,2025-12-17,SHOWING_COMPLETED,663933,29253
12/17/2025 20:08:04,2025-12-18,NEW_LEAD,676173,23543
12/17/2025 22:22:23,2025-12-18,NEW_LEAD,676513,23533
12/18/2025 8:58:03,2025-12-18,NEW_LEAD,678004,27311
12/18/2025 10:03:38,2025-12-18,NEW_LEAD,678264,23529
12/18/2025 13:02:26,2025-12-18,NEW_LEAD,678887,25019
12/18/2025 13:04:02,2025-12-18,SHOWING_COMPLETED,627387,25264
12/18/2025 18:17:53,2025-12-18,NEW_LEAD,680288,28077
12/18/2025 21:54:57,2025-12-19,NEW_LEAD,680754,25220
12/18/2025 22:13:29,2025-12-19,NEW_LEAD,680790,27740
12/19/2025 0:24:45,2025-12-19,NEW_LEAD,681006,28077
12/19/2025 0:24:47,2025-12-19,NEW_LEAD,681007,29201
12/19/2025 9:02:55,2025-12-19,NEW_LEAD,681462,31285
12/19/2025 10:00:19,2025-12-19,NEW_LEAD,681589,23543
12/19/2025 12:04:01,2025-12-19,SHOWING_COMPLETED,663187,23534
12/19/2025 13:04:02,2025-12-19,SHOWING_COMPLETED,661123,23533
12/19/2025 16:04:01,2025-12-19,SHOWING_COMPLETED,663406,30590
12/19/2025 16:53:00,2025-12-19,NEW_LEAD,683081,32273
12/19/2025 17:04:02,2025-12-19,SHOWING_COMPLETED,663406,30590
12/19/2025 20:19:47,2025-12-20,NEW_LEAD,683801,31285
12/19/2025 22:55:44,2025-12-20,NEW_LEAD,684158,32273
12/20/2025 0:35:41,2025-12-20,NEW_LEAD,684318,28077
12/20/2025 0:42:21,2025-12-20,NEW_LEAD,684330,29201
12/20/2025 12:44:04,2025-12-20,NEW_LEAD,685138,29253
12/20/2025 18:28:02,2025-12-20,NEW_LEAD,686039,27740
12/20/2025 21:29:16,2025-12-21,NEW_LEAD,686323,32273
12/21/2025 13:16:51,2025-12-21,NEW_LEAD,687398,31285
12/21/2025 17:45:35,2025-12-21,NEW_LEAD,688018,23533
12/21/2025 18:24:49,2025-12-21,NEW_LEAD,688087,32273
12/22/2025 2:06:09,2025-12-22,NEW_LEAD,688827,29201
12/22/2025 8:59:47,2025-12-22,NEW_LEAD,689103,32550
12/22/2025 10:04:33,2025-12-22,NEW_LEAD,689222,23543
12/22/2025 10:19:29,2025-12-22,NEW_LEAD,689260,32550
12/22/2025 10:25:26,2025-12-22,NEW_LEAD,689279,29200
12/22/2025 10:28:38,2025-12-22,SHOWING_COMPLETED,681462,31285
12/22/2025 10:31:33,2025-12-22,NEW_LEAD,689296,29201
12/22/2025 10:37:20,2025-12-22,NEW_LEAD,689313,32550
12/22/2025 13:49:56,2025-12-22,NEW_LEAD,689966,23543
12/22/2025 13:50:35,2025-12-22,NEW_LEAD,689968,29253
12/22/2025 15:19:32,2025-12-22,NEW_LEAD,690271,32550
12/22/2025 17:04:01,2025-12-22,SHOWING_COMPLETED,683081,32273
12/22/2025 18:38:53,2025-12-22,NEW_LEAD,690827,30590
12/22/2025 21:24:46,2025-12-23,NEW_LEAD,691180,32550
12/22/2025 21:46:38,2025-12-23,NEW_LEAD,691212,32550
12/22/2025 22:09:31,2025-12-23,NEW_LEAD,691256,32550
12/23/2025 8:54:01,2025-12-23,NEW_LEAD,691794,29253
12/23/2025 9:54:43,2025-12-23,NEW_LEAD,691904,25264
12/23/2025 11:44:47,2025-12-23,NEW_LEAD,692157,31285
12/23/2025 11:58:31,2025-12-23,NEW_LEAD,692199,32550
12/23/2025 13:57:07,2025-12-23,APPLICATION_RECEIVED,688087,32273
12/23/2025 15:25:22,2025-12-23,NEW_LEAD,692831,32550
12/23/2025 16:04:03,2025-12-23,SHOWING_COMPLETED,689968,29253
12/23/2025 17:04:01,2025-12-23,SHOWING_COMPLETED,689103,32550
12/23/2025 17:04:01,2025-12-23,SHOWING_COMPLETED,691180,32550
12/23/2025 17:06:03,2025-12-23,NEW_LEAD,693190,27311
12/23/2025 17:54:23,2025-12-23,NEW_LEAD,693625,30591
12/23/2025 18:23:16,2025-12-23,NEW_LEAD,694472,23543
12/23/2025 19:10:33,2025-12-24,NEW_LEAD,695003,32588
12/23/2025 19:20:17,2025-12-24,NEW_LEAD,695228,32560
12/23/2025 19:32:45,2025-12-24,NEW_LEAD,695250,30591
12/23/2025 20:35:02,2025-12-24,NEW_LEAD,695366,32588
12/23/2025 23:48:07,2025-12-24,NEW_LEAD,695712,31285
12/24/2025 14:25:15,2025-12-24,NEW_LEAD,696811,30590
12/24/2025 18:35:22,2025-12-24,NEW_LEAD,697212,32550
12/24/2025 20:22:37,2025-12-25,NEW_LEAD,697335,27740
12/25/2025 0:14:09,2025-12-25,NEW_LEAD,697554,29201
12/25/2025 12:44:24,2025-12-25,NEW_LEAD,698090,32550
12/25/2025 15:24:37,2025-12-25,NEW_LEAD,698346,25264
12/25/2025 15:45:33,2025-12-25,NEW_LEAD,698379,23534
12/25/2025 16:01:38,2025-12-25,NEW_LEAD,698407,28077
12/25/2025 17:15:42,2025-12-25,NEW_LEAD,698522,29201
12/25/2025 18:03:03,2025-12-25,NEW_LEAD,698592,23543
12/26/2025 9:16:01,2025-12-26,NEW_LEAD,699559,32550
12/26/2025 15:03:23,2025-12-26,SHOWING_COMPLETED,684318,28077
12/26/2025 15:25:48,2025-12-26,SHOWING_COMPLETED,684330,29201
12/26/2025 16:01:13,2025-12-26,NEW_LEAD,700972,32560
12/26/2025 16:03:31,2025-12-26,SHOWING_COMPLETED,700972,32560
12/26/2025 16:54:47,2025-12-26,SHOWING_COMPLETED,688087,32273
12/26/2025 17:33:53,2025-12-26,SHOWING_COMPLETED,698379,23534
12/26/2025 19:56:42,2025-12-27,NEW_LEAD,701688,23543
12/26/2025 20:39:02,2025-12-27,NEW_LEAD,701794,28077
12/26/2025 21:41:57,2025-12-27,NEW_LEAD,701962,29201
12/26/2025 22:02:37,2025-12-27,NEW_LEAD,701995,29253
12/26/2025 22:36:23,2025-12-27,NEW_LEAD,702069,30590
12/27/2025 10:51:38,2025-12-27,SHOWING_COMPLETED,690827,30590
12/27/2025 12:31:52,2025-12-27,NEW_LEAD,703267,32550
12/27/2025 15:09:05,2025-12-27,NEW_LEAD,703878,30591
12/27/2025 15:17:31,2025-12-27,NEW_LEAD,703917,29200
12/27/2025 17:56:05,2025-12-27,NEW_LEAD,704384,32273
12/27/2025 18:03:26,2025-12-27,NEW_LEAD,704405,28077
12/27/2025 19:29:57,2025-12-28,NEW_LEAD,704629,25220
12/27/2025 21:07:31,2025-12-28,NEW_LEAD,704852,32550
12/28/2025 9:52:13,2025-12-28,NEW_LEAD,705688,23543
12/28/2025 9:53:44,2025-12-28,NEW_LEAD,705694,23533
12/28/2025 10:04:27,2025-12-28,NEW_LEAD,705722,32550
12/28/2025 12:07:27,2025-12-28,NEW_LEAD,706059,29253
12/28/2025 19:35:05,2025-12-29,NEW_LEAD,707493,32550
12/28/2025 19:56:27,2025-12-29,NEW_LEAD,707550,25257
12/29/2025 9:09:12,2025-12-29,NEW_LEAD,708623,32560
12/29/2025 9:37:02,2025-12-29,NEW_LEAD,708687,29201
12/29/2025 9:50:00,2025-12-29,SHOWING_COMPLETED,686323,32273
12/29/2025 9:50:58,2025-12-29,NEW_LEAD,708728,27740
12/29/2025 10:45:11,2025-12-29,NEW_LEAD,708951,29253
12/29/2025 11:08:53,2025-12-29,NEW_LEAD,709067,32550
12/29/2025 11:10:36,2025-12-29,NEW_LEAD,709073,23543
12/29/2025 11:13:06,2025-12-29,NEW_LEAD,709085,27311
12/29/2025 11:14:57,2025-12-29,SHOWING_COMPLETED,694472,23543
12/29/2025 11:37:36,2025-12-29,NEW_LEAD,709199,23533
12/29/2025 12:02:53,2025-12-29,SHOWING_COMPLETED,692157,31285
12/29/2025 12:08:25,2025-12-29,APPLICATION_RECEIVED,708951,29253
12/29/2025 12:22:23,2025-12-29,SHOWING_COMPLETED,695712,31285
12/29/2025 12:23:57,2025-12-29,NEW_LEAD,709427,32273
12/29/2025 13:12:47,2025-12-29,SHOWING_COMPLETED,693190,27311
12/29/2025 13:35:05,2025-12-29,SHOWING_COMPLETED,681007,29201
12/29/2025 13:45:32,2025-12-29,SHOWING_COMPLETED,697554,29201
12/29/2025 14:07:57,2025-12-29,NEW_LEAD,709916,31285
12/29/2025 14:25:17,2025-12-29,APPLICATION_RECEIVED,697554,29201
12/29/2025 14:26:22,2025-12-29,NEW_LEAD,710116,31285
12/29/2025 14:36:36,2025-12-29,APPLICATION_RECEIVED,695366,32588
12/29/2025 14:36:36,2025-12-29,APPLICATION_RECEIVED,695003,32588
12/29/2025 14:56:51,2025-12-29,NEW_LEAD,710477,29200
12/29/2025 16:04:02,2025-12-29,SHOWING_COMPLETED,695003,32588
12/29/2025 16:31:58,2025-12-29,NEW_LEAD,711135,25264
12/29/2025 17:08:20,2025-12-29,SHOWING_COMPLETED,703267,32550
12/29/2025 17:08:41,2025-12-29,SHOWING_COMPLETED,709067,32550
12/29/2025 17:38:09,2025-12-29,NEW_LEAD,711442,25264
12/29/2025 17:39:45,2025-12-29,NEW_LEAD,711449,27311
12/29/2025 17:47:02,2025-12-29,NEW_LEAD,711503,23534
12/29/2025 18:10:53,2025-12-29,NEW_LEAD,711595,30591
12/29/2025 18:55:02,2025-12-29,NEW_LEAD,711762,32550
12/29/2025 18:55:12,2025-12-29,NEW_LEAD,711764,32550
12/29/2025 21:06:46,2025-12-30,NEW_LEAD,712189,32550
12/30/2025 9:03:39,2025-12-30,NEW_LEAD,713228,32273
12/30/2025 10:00:47,2025-12-30,NEW_LEAD,713393,23534
12/30/2025 10:37:22,2025-12-30,NEW_LEAD,713512,30590
12/30/2025 10:59:59,2025-12-30,NEW_LEAD,713601,27311
12/30/2025 11:04:01,2025-12-30,SHOWING_COMPLETED,706059,29253
12/30/2025 11:20:36,2025-12-30,SHOWING_COMPLETED,703878,30591
12/30/2025 12:01:52,2025-12-30,NEW_LEAD,713844,32550
12/30/2025 12:24:22,2025-12-30,SHOWING_COMPLETED,711764,32550
12/30/2025 12:53:37,2025-12-30,SHOWING_COMPLETED,705722,32550
12/30/2025 13:04:01,2025-12-30,SHOWING_COMPLETED,708728,27740
12/30/2025 14:07:56,2025-12-30,NEW_LEAD,714382,29201
12/30/2025 15:04:02,2025-12-30,SHOWING_COMPLETED,710116,31285
12/30/2025 16:28:04,2025-12-30,APPLICATION_RECEIVED,703878,30591
12/30/2025 16:47:02,2025-12-30,NEW_LEAD,715150,23533
12/30/2025 20:04:10,2025-12-31,NEW_LEAD,715858,23543
12/30/2025 20:11:20,2025-12-31,NEW_LEAD,715882,30591
12/30/2025 21:05:24,2025-12-31,NEW_LEAD,716046,25264
12/30/2025 23:08:45,2025-12-31,NEW_LEAD,716349,30590
12/31/2025 0:02:14,2025-12-31,NEW_LEAD,716465,32550
12/31/2025 10:45:53,2025-12-31,NEW_LEAD,717272,23543
12/31/2025 10:58:03,2025-12-31,APPLICATION_RECEIVED,631407,29201
12/31/2025 11:41:09,2025-12-31,SHOWING_COMPLETED,711442,25264
12/31/2025 12:20:01,2025-12-31,NEW_LEAD,717581,23534
12/31/2025 13:31:48,2025-12-31,NEW_LEAD,717838,29253
12/31/2025 15:36:49,2025-12-31,NEW_LEAD,718274,31285
12/31/2025 16:32:47,2025-12-31,NEW_LEAD,718439,32550
12/31/2025 17:04:01,2025-12-31,SHOWING_COMPLETED,713393,23534
12/31/2025 17:04:01,2025-12-31,SHOWING_COMPLETED,711503,23534
12/31/2025 17:52:44,2025-12-31,NEW_LEAD,718688,32550
12/31/2025 20:09:54,2026-01-01,NEW_LEAD,718964,30590
1/1/2026 11:08:03,2026-01-01,NEW_LEAD,719826,30590
1/1/2026 11:18:57,2026-01-01,NEW_LEAD,719853,27311
1/1/2026 11:50:33,2026-01-01,NEW_LEAD,719938,32560
1/1/2026 19:34:01,2026-01-02,NEW_LEAD,721523,25220
1/1/2026 19:43:28,2026-01-02,NEW_LEAD,721547,32550
1/1/2026 21:00:22,2026-01-02,NEW_LEAD,721749,32550
1/1/2026 22:31:31,2026-01-02,NEW_LEAD,722049,32550
1/2/2026 0:26:40,2026-01-02,NEW_LEAD,722319,32550
1/2/2026 1:08:31,2026-01-02,APPLICATION_RECEIVED,709067,32550
1/2/2026 9:09:03,2026-01-02,NEW_LEAD,722845,32550
1/2/2026 9:19:49,2026-01-02,NEW_LEAD,723043,25220
1/2/2026 9:57:59,2026-01-02,NEW_LEAD,723148,32588
1/2/2026 12:39:38,2026-01-02,NEW_LEAD,723888,32550
1/2/2026 12:59:50,2026-01-02,NEW_LEAD,723997,23534
1/2/2026 13:17:47,2026-01-02,NEW_LEAD,724089,23533
1/2/2026 13:24:15,2026-01-02,NEW_LEAD,724122,32550
1/2/2026 14:23:04,2026-01-02,SHOWING_COMPLETED,719938,32560
1/2/2026 15:04:02,2026-01-02,SHOWING_COMPLETED,596345,27311
1/2/2026 15:04:02,2026-01-02,SHOWING_COMPLETED,719853,27311
1/2/2026 15:04:02,2026-01-02,SHOWING_COMPLETED,709085,27311
1/2/2026 16:31:51,2026-01-02,NEW_LEAD,725041,32550
1/2/2026 17:04:01,2026-01-02,SHOWING_COMPLETED,713844,32550
1/2/2026 17:04:01,2026-01-02,SHOWING_COMPLETED,718688,32550
1/2/2026 17:04:01,2026-01-02,SHOWING_COMPLETED,712189,32550
1/2/2026 21:03:55,2026-01-03,NEW_LEAD,726108,32588
1/2/2026 21:45:12,2026-01-03,NEW_LEAD,726251,29201
1/2/2026 22:30:15,2026-01-03,NEW_LEAD,726383,32560
1/3/2026 0:14:18,2026-01-03,APPLICATION_RECEIVED,726383,32560
1/3/2026 8:04:21,2026-01-03,NEW_LEAD,727163,29253
1/3/2026 10:46:23,2026-01-03,SHOWING_COMPLETED,710477,29200
1/3/2026 12:10:45,2026-01-03,NEW_LEAD,727824,27740
1/3/2026 12:37:05,2026-01-03,NEW_LEAD,727942,33590
1/3/2026 14:11:11,2026-01-03,NEW_LEAD,728394,27740
1/3/2026 14:30:11,2026-01-03,APPLICATION_RECEIVED,718688,32550
1/3/2026 14:56:31,2026-01-03,NEW_LEAD,728590,29253
1/3/2026 19:16:16,2026-01-04,NEW_LEAD,729615,32550
1/3/2026 21:20:01,2026-01-04,NEW_LEAD,729962,33590
1/3/2026 21:56:47,2026-01-04,NEW_LEAD,730049,23534
1/4/2026 9:16:31,2026-01-04,NEW_LEAD,730960,23534
1/4/2026 10:16:46,2026-01-04,NEW_LEAD,731102,30591
1/4/2026 10:18:04,2026-01-04,NEW_LEAD,731106,32550
1/4/2026 12:09:32,2026-01-04,NEW_LEAD,731496,32550
1/4/2026 13:28:08,2026-01-04,NEW_LEAD,731785,27311
1/4/2026 13:44:24,2026-01-04,NEW_LEAD,731850,25220
1/4/2026 14:11:44,2026-01-04,NEW_LEAD,731966,25257
1/4/2026 15:12:32,2026-01-04,NEW_LEAD,732229,32588
1/4/2026 15:21:58,2026-01-04,NEW_LEAD,732279,32588
1/4/2026 15:28:09,2026-01-04,NEW_LEAD,732298,30590
1/4/2026 15:35:51,2026-01-04,NEW_LEAD,732340,25019
1/4/2026 20:39:30,2026-01-05,NEW_LEAD,733504,32560
1/4/2026 21:02:00,2026-01-05,NEW_LEAD,733583,32588
1/5/2026 2:31:41,2026-01-05,NEW_LEAD,734354,32560
1/5/2026 9:16:31,2026-01-05,NEW_LEAD,734710,32550
1/5/2026 14:29:03,2026-01-05,NEW_LEAD,736345,32588
1/5/2026 15:04:01,2026-01-05,SHOWING_COMPLETED,731850,25220
1/5/2026 16:04:03,2026-01-05,SHOWING_COMPLETED,708951,29253
1/5/2026 16:29:54,2026-01-05,NEW_LEAD,737109,23543
1/5/2026 16:31:29,2026-01-05,NEW_LEAD,737116,30590
1/5/2026 16:40:40,2026-01-05,NEW_LEAD,737173,32560
1/5/2026 16:53:09,2026-01-05,NEW_LEAD,737262,23533
1/5/2026 18:52:07,2026-01-05,NEW_LEAD,737828,30591
1/5/2026 18:53:08,2026-01-05,NEW_LEAD,737834,25264
1/5/2026 20:29:35,2026-01-06,APPLICATION_RECEIVED,711442,25264
1/5/2026 20:55:39,2026-01-06,NEW_LEAD,738283,29253
1/5/2026 21:27:46,2026-01-06,NEW_LEAD,738403,23533
1/5/2026 23:31:49,2026-01-06,NEW_LEAD,738851,23543
1/6/2026 1:13:57,2026-01-06,NEW_LEAD,739047,25264
1/6/2026 1:14:00,2026-01-06,NEW_LEAD,739048,30340
1/6/2026 6:35:05,2026-01-06,NEW_LEAD,739315,32560
1/6/2026 7:01:55,2026-01-06,NEW_LEAD,739344,32550
1/6/2026 9:56:15,2026-01-06,NEW_LEAD,739674,30591
1/6/2026 10:29:27,2026-01-06,NEW_LEAD,739818,31285
1/6/2026 11:22:29,2026-01-06,NEW_LEAD,740043,27740
1/6/2026 13:07:20,2026-01-06,NEW_LEAD,740581,29253
1/6/2026 15:04:02,2026-01-06,SHOWING_COMPLETED,708728,27740
1/6/2026 15:04:02,2026-01-06,SHOWING_COMPLETED,727163,29253
1/6/2026 15:53:10,2026-01-06,NEW_LEAD,741966,30340
1/6/2026 17:15:13,2026-01-06,APPLICATION_RECEIVED,708623,32560
1/6/2026 17:35:18,2026-01-06,NEW_LEAD,742490,32550
1/6/2026 18:04:02,2026-01-06,SHOWING_COMPLETED,663187,23534
1/6/2026 19:32:04,2026-01-07,NEW_LEAD,743033,32550
1/6/2026 19:51:18,2026-01-07,NEW_LEAD,743131,33590
1/6/2026 19:52:40,2026-01-07,NEW_LEAD,743138,29201
1/6/2026 20:00:57,2026-01-07,NEW_LEAD,743171,29253
1/6/2026 20:20:25,2026-01-07,NEW_LEAD,743244,23534
1/6/2026 21:38:17,2026-01-07,APPLICATION_RECEIVED,708728,27740
1/7/2026 0:54:16,2026-01-07,NEW_LEAD,744183,30340
1/7/2026 2:07:27,2026-01-07,NEW_LEAD,744297,33590
1/7/2026 5:22:38,2026-01-07,NEW_LEAD,744494,33590
1/7/2026 7:13:36,2026-01-07,APPLICATION_RECEIVED,708687,29201
1/7/2026 8:55:57,2026-01-07,NEW_LEAD,744707,33590
1/7/2026 9:13:10,2026-01-07,NEW_LEAD,744750,31285
1/7/2026 15:48:41,2026-01-07,NEW_LEAD,746878,32550
1/7/2026 16:04:02,2026-01-07,SHOWING_COMPLETED,739048,30340
1/7/2026 16:11:45,2026-01-07,NEW_LEAD,746992,32550
1/7/2026 17:04:02,2026-01-07,SHOWING_COMPLETED,732298,30590
1/7/2026 17:15:05,2026-01-07,NEW_LEAD,747335,27740
1/7/2026 18:02:33,2026-01-07,NEW_LEAD,747556,32550
1/7/2026 20:23:21,2026-01-08,NEW_LEAD,748123,27311
1/7/2026 21:30:00,2026-01-08,NEW_LEAD,748375,33590
1/8/2026 8:57:33,2026-01-08,NEW_LEAD,749546,32550
1/8/2026 9:04:55,2026-01-08,NEW_LEAD,749574,27740
1/8/2026 9:05:44,2026-01-08,NEW_LEAD,749576,34565
1/8/2026 10:16:02,2026-01-08,NEW_LEAD,749843,34565
1/8/2026 11:10:55,2026-01-08,NEW_LEAD,750108,32550
1/8/2026 12:00:47,2026-01-08,NEW_LEAD,750369,23533
1/8/2026 12:01:14,2026-01-08,NEW_LEAD,750372,32550
1/8/2026 13:31:40,2026-01-08,NEW_LEAD,750833,32550
1/8/2026 15:10:52,2026-01-08,NEW_LEAD,751373,27740
1/8/2026 15:34:32,2026-01-08,NEW_LEAD,751521,34565
1/8/2026 16:15:59,2026-01-08,SHOWING_COMPLETED,743131,33590
1/8/2026 17:42:53,2026-01-08,NEW_LEAD,752491,34565
1/8/2026 19:30:38,2026-01-09,APPLICATION_RECEIVED,663187,23534
1/8/2026 20:04:51,2026-01-09,NEW_LEAD,753486,23533
1/8/2026 21:48:36,2026-01-09,NEW_LEAD,753882,34565
1/8/2026 22:03:29,2026-01-09,NEW_LEAD,753943,34565
1/9/2026 9:33:33,2026-01-09,NEW_LEAD,755154,34565
1/9/2026 11:46:47,2026-01-09,NEW_LEAD,755758,34565
1/9/2026 12:58:02,2026-01-09,NEW_LEAD,756163,27740
1/9/2026 13:01:00,2026-01-09,NEW_LEAD,756182,31285
1/9/2026 13:29:25,2026-01-09,NEW_LEAD,756326,23543
1/9/2026 15:04:02,2026-01-09,SHOWING_COMPLETED,730049,23534
1/9/2026 15:33:00,2026-01-09,SHOWING_COMPLETED,748375,33590
1/9/2026 15:44:49,2026-01-09,NEW_LEAD,756997,27740
1/9/2026 15:46:01,2026-01-09,NEW_LEAD,757002,31285
1/9/2026 16:44:58,2026-01-09,NEW_LEAD,757255,32560
1/9/2026 16:47:37,2026-01-09,NEW_LEAD,757276,32560
1/9/2026 17:04:01,2026-01-09,SHOWING_COMPLETED,747335,27740
1/9/2026 17:35:15,2026-01-09,NEW_LEAD,757532,33590
1/9/2026 18:02:16,2026-01-09,NEW_LEAD,757631,23534
1/9/2026 18:04:02,2026-01-09,SHOWING_COMPLETED,748123,27311
1/9/2026 19:34:07,2026-01-10,NEW_LEAD,757985,30590
1/10/2026 4:59:26,2026-01-10,NEW_LEAD,759188,29201
1/10/2026 9:42:13,2026-01-10,NEW_LEAD,759582,33590
1/10/2026 12:25:59,2026-01-10,NEW_LEAD,760289,23534
1/10/2026 12:51:35,2026-01-10,NEW_LEAD,760413,30590
1/10/2026 12:54:28,2026-01-10,NEW_LEAD,760434,23534
1/10/2026 14:25:51,2026-01-10,NEW_LEAD,760886,34565
1/10/2026 15:07:25,2026-01-10,NEW_LEAD,761100,27740
1/10/2026 16:19:00,2026-01-10,NEW_LEAD,761460,34565
1/10/2026 18:12:24,2026-01-10,NEW_LEAD,761961,34565
1/10/2026 20:02:29,2026-01-11,NEW_LEAD,762320,23543
1/10/2026 20:41:54,2026-01-11,NEW_LEAD,762466,34565
1/11/2026 10:40:50,2026-01-11,NEW_LEAD,763907,27311
1/11/2026 11:29:01,2026-01-11,NEW_LEAD,764111,30590
1/11/2026 12:23:15,2026-01-11,NEW_LEAD,764329,33590
1/11/2026 12:39:10,2026-01-11,NEW_LEAD,764394,23533
1/11/2026 16:41:40,2026-01-11,NEW_LEAD,765482,32560
1/12/2026 0:42:04,2026-01-12,NEW_LEAD,767081,30340
1/12/2026 2:32:44,2026-01-12,NEW_LEAD,767277,34565
1/12/2026 9:13:25,2026-01-12,NEW_LEAD,767705,23533
1/12/2026 11:04:01,2026-01-12,SHOWING_COMPLETED,757002,31285
1/12/2026 11:07:11,2026-01-12,APPLICATION_RECEIVED,681462,31285
1/12/2026 13:35:25,2026-01-12,NEW_LEAD,769102,23543
1/12/2026 17:47:14,2026-01-12,NEW_LEAD,770590,27311
1/12/2026 19:56:25,2026-01-13,NEW_LEAD,771191,34565
1/12/2026 20:37:38,2026-01-13,NEW_LEAD,771361,33590
1/13/2026 4:47:40,2026-01-13,NEW_LEAD,772375,32560
1/13/2026 8:41:53,2026-01-13,NEW_LEAD,772620,33590
1/13/2026 10:45:08,2026-01-13,NEW_LEAD,773085,33590
1/13/2026 11:02:19,2026-01-13,NEW_LEAD,773169,25220
1/13/2026 11:21:08,2026-01-13,NEW_LEAD,773253,23543
1/13/2026 11:56:20,2026-01-13,NEW_LEAD,773447,25264
1/13/2026 12:07:40,2026-01-13,NEW_LEAD,773522,34565
1/13/2026 12:11:01,2026-01-13,NEW_LEAD,773548,29201
1/13/2026 13:04:02,2026-01-13,SHOWING_COMPLETED,732340,25019
1/13/2026 13:25:30,2026-01-13,NEW_LEAD,773985,34565
1/13/2026 13:27:48,2026-01-13,NEW_LEAD,774007,34565
1/13/2026 14:32:10,2026-01-13,APPLICATION_RECEIVED,747335,27740
1/13/2026 15:04:02,2026-01-13,SHOWING_COMPLETED,757985,30590
1/13/2026 17:04:02,2026-01-13,SHOWING_COMPLETED,756997,27740
1/13/2026 20:23:47,2026-01-14,NEW_LEAD,776238,29201
1/13/2026 20:25:03,2026-01-14,NEW_LEAD,776244,23533
1/13/2026 22:38:27,2026-01-14,NEW_LEAD,776778,30590
1/14/2026 3:53:45,2026-01-14,NEW_LEAD,777363,27311
1/14/2026 7:51:16,2026-01-14,NEW_LEAD,777554,23534
1/14/2026 8:47:39,2026-01-14,NEW_LEAD,777665,23534
1/14/2026 9:23:31,2026-01-14,NEW_LEAD,777777,25264
1/14/2026 12:40:27,2026-01-14,NEW_LEAD,778693,34565
1/14/2026 13:04:02,2026-01-14,SHOWING_COMPLETED,737116,30590
1/14/2026 14:04:02,2026-01-14,SHOWING_COMPLETED,731785,27311
1/14/2026 14:08:22,2026-01-14,NEW_LEAD,779447,34565
1/14/2026 15:04:01,2026-01-14,SHOWING_COMPLETED,726383,32560
1/14/2026 15:16:29,2026-01-14,NEW_LEAD,779820,27311
1/14/2026 15:30:18,2026-01-14,NEW_LEAD,779900,30590
1/14/2026 15:36:15,2026-01-14,NEW_LEAD,779945,35294
1/14/2026 17:04:01,2026-01-14,SHOWING_COMPLETED,769102,23543
1/14/2026 17:22:06,2026-01-14,NEW_LEAD,780503,27311
1/14/2026 17:48:41,2026-01-14,NEW_LEAD,780613,30590
1/14/2026 19:02:43,2026-01-15,NEW_LEAD,780971,25220
1/14/2026 19:04:50,2026-01-15,NEW_LEAD,780982,25264
1/14/2026 19:04:50,2026-01-15,NEW_LEAD,780982,25264
1/14/2026 19:27:50,2026-01-15,NEW_LEAD,781100,34565
1/14/2026 19:48:57,2026-01-15,NEW_LEAD,781182,35294
1/14/2026 22:30:40,2026-01-15,NEW_LEAD,781764,33590
1/14/2026 23:05:52,2026-01-15,NEW_LEAD,781887,34565
1/15/2026 1:42:36,2026-01-15,NEW_LEAD,782200,23543
1/15/2026 6:12:53,2026-01-15,NEW_LEAD,782425,35294
1/15/2026 9:08:20,2026-01-15,NEW_LEAD,782693,35294
1/15/2026 10:58:04,2026-01-15,NEW_LEAD,783118,35296
1/15/2026 11:55:08,2026-01-15,NEW_LEAD,783414,30340
1/15/2026 12:31:16,2026-01-15,NEW_LEAD,783602,34565
1/15/2026 13:08:36,2026-01-15,NEW_LEAD,783816,35294
1/15/2026 13:27:08,2026-01-15,NEW_LEAD,783931,23543
1/15/2026 13:28:07,2026-01-15,NEW_LEAD,783940,35294
1/15/2026 14:04:01,2026-01-15,SHOWING_COMPLETED,708687,29201
1/15/2026 14:04:01,2026-01-15,SHOWING_COMPLETED,776238,29201
1/15/2026 14:11:53,2026-01-15,APPLICATION_RECEIVED,776238,29201
1/15/2026 14:27:09,2026-01-15,NEW_LEAD,784282,35294
1/15/2026 15:24:53,2026-01-15,NEW_LEAD,784703,27740
1/15/2026 17:19:02,2026-01-15,NEW_LEAD,785303,35600
1/15/2026 17:19:52,2026-01-15,NEW_LEAD,785307,35584
1/15/2026 17:30:34,2026-01-15,NEW_LEAD,785368,33590
1/15/2026 18:04:02,2026-01-15,SHOWING_COMPLETED,764394,23533
1/15/2026 21:05:14,2026-01-16,NEW_LEAD,786236,35584
1/15/2026 22:50:01,2026-01-16,NEW_LEAD,786597,35294
1/15/2026 22:58:30,2026-01-16,NEW_LEAD,786618,34565
1/15/2026 22:59:45,2026-01-16,NEW_LEAD,786621,25220
1/16/2026 0:02:47,2026-01-16,NEW_LEAD,786781,34565
1/16/2026 1:28:19,2026-01-16,NEW_LEAD,786960,35294
1/16/2026 7:24:21,2026-01-16,NEW_LEAD,787251,35600
1/16/2026 8:39:18,2026-01-16,NEW_LEAD,787381,35294
1/16/2026 9:40:21,2026-01-16,NEW_LEAD,787544,35600
1/16/2026 9:46:14,2026-01-16,NEW_LEAD,787561,33590
1/16/2026 12:58:32,2026-01-16,NEW_LEAD,788444,35600
1/16/2026 13:04:01,2026-01-16,SHOWING_COMPLETED,750369,23533
1/16/2026 13:05:47,2026-01-16,NEW_LEAD,788467,35600
1/16/2026 13:11:13,2026-01-16,NEW_LEAD,788495,35584
1/16/2026 13:14:10,2026-01-16,NEW_LEAD,788517,27311
1/16/2026 13:36:29,2026-01-16,NEW_LEAD,788634,27740
1/16/2026 14:04:01,2026-01-16,SHOWING_COMPLETED,753882,34565
1/16/2026 14:04:02,2026-01-16,SHOWING_COMPLETED,773522,34565
1/16/2026 14:04:01,2026-01-16,SHOWING_COMPLETED,767277,34565
1/16/2026 14:31:22,2026-01-16,NEW_LEAD,788874,27311
1/16/2026 15:16:25,2026-01-16,NEW_LEAD,789088,27740
1/16/2026 16:07:27,2026-01-16,NEW_LEAD,789340,27311
1/16/2026 16:49:26,2026-01-16,NEW_LEAD,789564,34565
1/16/2026 16:51:10,2026-01-16,NEW_LEAD,789572,35600
1/16/2026 18:03:54,2026-01-16,NEW_LEAD,789903,35645
1/16/2026 18:04:02,2026-01-16,SHOWING_COMPLETED,784703,27740
1/16/2026 18:03:54,2026-01-16,NEW_LEAD,789903,35645
1/16/2026 18:40:14,2026-01-16,NEW_LEAD,790005,35600
1/16/2026 19:24:16,2026-01-17,NEW_LEAD,790169,30340
1/16/2026 21:33:18,2026-01-17,NEW_LEAD,790624,35296
1/17/2026 5:42:02,2026-01-17,NEW_LEAD,791372,35294
1/17/2026 7:53:46,2026-01-17,NEW_LEAD,791473,35600
1/17/2026 10:05:18,2026-01-17,NEW_LEAD,791753,35645
1/17/2026 10:09:31,2026-01-17,NEW_LEAD,791767,35584
1/17/2026 10:37:14,2026-01-17,NEW_LEAD,791856,35296
1/17/2026 10:41:04,2026-01-17,NEW_LEAD,791869,25019
1/17/2026 10:53:33,2026-01-17,NEW_LEAD,791922,34565
1/17/2026 11:08:05,2026-01-17,SHOWING_COMPLETED,783118,35296
1/17/2026 11:37:28,2026-01-17,NEW_LEAD,792105,35600
1/17/2026 12:11:54,2026-01-17,NEW_LEAD,792272,30590
1/17/2026 12:16:20,2026-01-17,NEW_LEAD,792296,35584
1/17/2026 13:10:17,2026-01-17,APPLICATION_RECEIVED,783118,35296
1/17/2026 14:10:14,2026-01-17,NEW_LEAD,792807,30340
1/17/2026 14:11:23,2026-01-17,SHOWING_COMPLETED,770590,27311
1/17/2026 14:51:31,2026-01-17,SHOWING_COMPLETED,744750,31285
1/17/2026 15:04:04,2026-01-17,SHOWING_COMPLETED,787561,33590
1/17/2026 15:10:00,2026-01-17,NEW_LEAD,793064,35821
1/17/2026 15:10:48,2026-01-17,NEW_LEAD,793072,35821
1/17/2026 15:22:29,2026-01-17,NEW_LEAD,793124,35645
1/17/2026 15:39:06,2026-01-17,NEW_LEAD,793198,30590
1/17/2026 16:34:12,2026-01-17,NEW_LEAD,793464,27740
1/17/2026 17:31:06,2026-01-17,NEW_LEAD,793699,35294
1/17/2026 17:32:11,2026-01-17,NEW_LEAD,793704,35294
1/17/2026 19:22:51,2026-01-18,NEW_LEAD,794109,35294
1/17/2026 19:49:33,2026-01-18,NEW_LEAD,794185,27311
1/17/2026 22:32:24,2026-01-18,NEW_LEAD,794653,35600
1/17/2026 23:24:28,2026-01-18,NEW_LEAD,794803,34565
1/17/2026 23:36:30,2026-01-18,NEW_LEAD,794840,23534
1/18/2026 10:11:07,2026-01-18,NEW_LEAD,795655,35294
1/18/2026 11:37:00,2026-01-18,NEW_LEAD,795939,35600
1/18/2026 11:45:35,2026-01-18,NEW_LEAD,795977,34565
1/18/2026 13:18:41,2026-01-18,NEW_LEAD,796360,35296
1/18/2026 13:29:51,2026-01-18,NEW_LEAD,796419,35296
1/18/2026 13:53:53,2026-01-18,NEW_LEAD,796531,34565
1/18/2026 14:39:09,2026-01-18,NEW_LEAD,796742,35821
1/18/2026 15:38:50,2026-01-18,NEW_LEAD,797003,35600
1/18/2026 16:07:23,2026-01-18,NEW_LEAD,797122,35821
1/18/2026 17:17:43,2026-01-18,NEW_LEAD,797436,34565
1/18/2026 19:18:14,2026-01-19,NEW_LEAD,797843,35296
1/18/2026 19:21:02,2026-01-19,NEW_LEAD,797851,35296
1/18/2026 20:46:19,2026-01-19,NEW_LEAD,798161,35294
1/18/2026 20:57:10,2026-01-19,NEW_LEAD,798186,30590
1/19/2026 0:26:25,2026-01-19,NEW_LEAD,798732,35645
1/19/2026 4:02:29,2026-01-19,NEW_LEAD,799001,33590
1/19/2026 5:30:38,2026-01-19,NEW_LEAD,799054,30340
1/19/2026 8:03:56,2026-01-19,APPLICATION_RECEIVED,708687,29201
1/19/2026 9:52:59,2026-01-19,NEW_LEAD,799500,34565
1/19/2026 10:58:03,2026-01-19,NEW_LEAD,799814,23534
1/19/2026 11:30:41,2026-01-19,NEW_LEAD,800000,29201
1/19/2026 11:54:08,2026-01-19,NEW_LEAD,800130,25019
1/19/2026 11:54:32,2026-01-19,NEW_LEAD,800132,29200
1/19/2026 11:55:44,2026-01-19,NEW_LEAD,800136,35584
1/19/2026 11:56:36,2026-01-19,SHOWING_COMPLETED,791753,35645
1/19/2026 12:22:20,2026-01-19,NEW_LEAD,800297,34565
1/19/2026 12:29:13,2026-01-19,NEW_LEAD,800338,35600
1/19/2026 12:54:00,2026-01-19,NEW_LEAD,800500,35600
1/19/2026 13:04:02,2026-01-19,SHOWING_COMPLETED,800132,29200
1/19/2026 14:16:46,2026-01-19,NEW_LEAD,800981,35584
1/19/2026 14:43:12,2026-01-19,NEW_LEAD,801114,23534
1/19/2026 14:53:01,2026-01-19,SHOWING_COMPLETED,730960,23534
1/19/2026 15:34:40,2026-01-19,NEW_LEAD,801410,30590
1/19/2026 15:44:21,2026-01-19,SHOWING_COMPLETED,784282,35294
1/19/2026 15:51:04,2026-01-19,SHOWING_COMPLETED,798161,35294
1/19/2026 17:06:58,2026-01-19,SHOWING_COMPLETED,792807,30340
1/19/2026 17:20:15,2026-01-19,NEW_LEAD,802017,35294
1/19/2026 17:37:19,2026-01-19,NEW_LEAD,802084,35294
1/19/2026 17:47:20,2026-01-19,NEW_LEAD,802128,35600
1/19/2026 18:13:09,2026-01-19,NEW_LEAD,802240,30590
1/19/2026 19:47:07,2026-01-20,NEW_LEAD,802654,31285
1/19/2026 22:12:13,2026-01-20,NEW_LEAD,803193,29201
1/19/2026 22:36:10,2026-01-20,NEW_LEAD,803278,31285
1/20/2026 3:01:51,2026-01-20,NEW_LEAD,803784,23534
1/20/2026 8:27:22,2026-01-20,NEW_LEAD,804020,35600
1/20/2026 13:04:54,2026-01-20,SHOWING_COMPLETED,799814,23534
1/20/2026 13:04:54,2026-01-20,SHOWING_COMPLETED,801114,23534
1/20/2026 13:11:57,2026-01-20,NEW_LEAD,804902,35294
1/20/2026 15:09:34,2026-01-20,NEW_LEAD,805737,35600
1/20/2026 15:54:52,2026-01-20,NEW_LEAD,806044,30590
1/20/2026 16:04:01,2026-01-20,SHOWING_COMPLETED,796742,35821
1/20/2026 17:04:02,2026-01-20,SHOWING_COMPLETED,802240,30590
1/20/2026 17:27:09,2026-01-20,APPLICATION_RECEIVED,800130,25019
1/20/2026 18:04:02,2026-01-20,SHOWING_COMPLETED,794803,34565
1/20/2026 18:04:02,2026-01-20,SHOWING_COMPLETED,751521,34565
1/20/2026 18:54:29,2026-01-20,NEW_LEAD,807012,34565
1/20/2026 18:57:01,2026-01-20,NEW_LEAD,807020,32560
1/20/2026 19:57:09,2026-01-21,NEW_LEAD,807314,33590
1/21/2026 6:56:36,2026-01-21,NEW_LEAD,808642,34565
1/21/2026 10:10:18,2026-01-21,NEW_LEAD,809053,23533
1/21/2026 10:17:39,2026-01-21,NEW_LEAD,809085,25220
1/21/2026 10:22:55,2026-01-21,NEW_LEAD,809115,29200
1/21/2026 10:59:07,2026-01-21,NEW_LEAD,809286,35294
1/21/2026 12:18:33,2026-01-21,NEW_LEAD,809692,35600
1/21/2026 13:40:23,2026-01-21,NEW_LEAD,810147,34565
1/21/2026 13:50:01,2026-01-21,NEW_LEAD,810209,35821
1/21/2026 15:04:01,2026-01-21,SHOWING_COMPLETED,779945,35294
1/21/2026 15:04:02,2026-01-21,SHOWING_COMPLETED,809286,35294
1/21/2026 15:04:01,2026-01-21,SHOWING_COMPLETED,793704,35294
1/21/2026 15:32:32,2026-01-21,NEW_LEAD,810880,23533
1/21/2026 15:48:52,2026-01-21,APPLICATION_RECEIVED,784282,35294
1/22/2026 0:04:58,2026-01-22,NEW_LEAD,813099,35294
1/22/2026 8:38:15,2026-01-22,NEW_LEAD,813727,35584
1/22/2026 10:57:24,2026-01-22,NEW_LEAD,814208,35294
1/22/2026 14:04:02,2026-01-22,SHOWING_COMPLETED,793464,27740
1/22/2026 17:45:41,2026-01-22,NEW_LEAD,817753,35294
1/22/2026 21:04:15,2026-01-23,NEW_LEAD,818499,30590
1/22/2026 21:06:15,2026-01-23,NEW_LEAD,818505,23533
1/22/2026 21:14:51,2026-01-23,NEW_LEAD,818532,35600
1/23/2026 8:38:03,2026-01-23,NEW_LEAD,819624,30340
1/23/2026 9:50:16,2026-01-23,NEW_LEAD,819829,27740
1/23/2026 11:38:33,2026-01-23,SHOWING_COMPLETED,757532,33590
1/23/2026 16:04:02,2026-01-23,SHOWING_COMPLETED,799500,34565
1/23/2026 19:44:00,2026-01-24,NEW_LEAD,822630,35821
1/23/2026 22:41:21,2026-01-24,NEW_LEAD,823154,35600
1/24/2026 1:23:09,2026-01-24,NEW_LEAD,823468,31285
1/24/2026 7:10:49,2026-01-24,NEW_LEAD,823755,35584
1/24/2026 16:47:08,2026-01-24,NEW_LEAD,825634,27740
1/24/2026 19:51:41,2026-01-25,NEW_LEAD,826295,34565
1/24/2026 19:56:14,2026-01-25,NEW_LEAD,826312,23534
1/25/2026 12:29:31,2026-01-25,NEW_LEAD,828101,35600
1/25/2026 13:22:49,2026-01-25,NEW_LEAD,828298,29200
1/25/2026 16:11:07,2026-01-25,NEW_LEAD,828929,27740
1/25/2026 18:30:49,2026-01-25,NEW_LEAD,829438,29200
1/25/2026 19:33:56,2026-01-26,NEW_LEAD,829647,35294
1/25/2026 21:19:35,2026-01-26,APPLICATION_RECEIVED,757532,33590
1/25/2026 21:19:35,2026-01-26,APPLICATION_RECEIVED,772620,33590
1/25/2026 21:49:53,2026-01-26,NEW_LEAD,830079,23534
1/25/2026 22:36:20,2026-01-26,NEW_LEAD,830212,35294
1/26/2026 11:20:55,2026-01-26,NEW_LEAD,831465,34565
1/26/2026 12:31:27,2026-01-26,NEW_LEAD,832295,35600
1/26/2026 16:07:19,2026-01-26,NEW_LEAD,833718,35600
1/26/2026 16:22:31,2026-01-26,NEW_LEAD,833797,32560
1/26/2026 19:32:54,2026-01-27,NEW_LEAD,834813,31285
1/26/2026 20:19:22,2026-01-27,NEW_LEAD,835002,35294
1/26/2026 22:10:13,2026-01-27,NEW_LEAD,835434,30590
1/27/2026 6:22:49,2026-01-27,NEW_LEAD,836237,25220
1/27/2026 9:35:16,2026-01-27,NEW_LEAD,836610,33590
1/27/2026 11:31:35,2026-01-27,NEW_LEAD,837141,35294
1/27/2026 11:35:38,2026-01-27,NEW_LEAD,837171,31285
1/27/2026 11:54:41,2026-01-27,NEW_LEAD,837283,35600
1/27/2026 12:19:49,2026-01-27,NEW_LEAD,837421,35600
1/27/2026 13:56:27,2026-01-27,NEW_LEAD,837985,33590
1/27/2026 14:31:35,2026-01-27,NEW_LEAD,838226,33590
1/27/2026 15:20:33,2026-01-27,NEW_LEAD,838523,35294
1/27/2026 16:04:02,2026-01-27,SHOWING_COMPLETED,783816,35294
1/27/2026 19:55:01,2026-01-28,NEW_LEAD,841129,23534
1/27/2026 20:06:14,2026-01-28,NEW_LEAD,841185,35645
1/27/2026 21:04:19,2026-01-28,NEW_LEAD,841423,23533
1/27/2026 23:07:19,2026-01-28,NEW_LEAD,841880,30340
1/28/2026 7:21:21,2026-01-28,NEW_LEAD,842590,35294
1/28/2026 8:42:02,2026-01-28,NEW_LEAD,842737,33590
1/28/2026 9:37:23,2026-01-28,NEW_LEAD,842899,35821
1/28/2026 12:17:23,2026-01-28,NEW_LEAD,843690,35600
1/28/2026 12:19:42,2026-01-28,NEW_LEAD,843701,35600
1/28/2026 13:25:25,2026-01-28,NEW_LEAD,844478,35294
1/28/2026 20:53:26,2026-01-29,NEW_LEAD,846836,23533
1/28/2026 22:29:06,2026-01-29,NEW_LEAD,847216,34565
1/29/2026 0:37:47,2026-01-29,NEW_LEAD,847625,35294
1/29/2026 2:12:23,2026-01-29,NEW_LEAD,847783,34565
1/29/2026 2:22:11,2026-01-29,NEW_LEAD,847794,35294
1/29/2026 6:01:06,2026-01-29,NEW_LEAD,847972,30340
1/29/2026 12:44:22,2026-01-29,SHOWING_COMPLETED,842737,33590
1/29/2026 16:33:19,2026-01-29,NEW_LEAD,851025,32560
1/29/2026 18:46:37,2026-01-29,APPLICATION_RECEIVED,842737,33590
1/29/2026 21:40:44,2026-01-30,NEW_LEAD,852513,30340
1/29/2026 22:35:54,2026-01-30,APPLICATION_RECEIVED,837985,33590
1/30/2026 9:04:57,2026-01-30,NEW_LEAD,853671,23534
1/30/2026 12:04:02,2026-01-30,SHOWING_COMPLETED,809115,29200
1/30/2026 12:42:56,2026-01-30,NEW_LEAD,854673,30340
1/30/2026 13:04:02,2026-01-30,SHOWING_COMPLETED,836237,25220
1/30/2026 13:53:46,2026-01-30,NEW_LEAD,855321,33590
1/30/2026 15:22:54,2026-01-30,NEW_LEAD,855733,23533
1/30/2026 16:10:49,2026-01-30,NEW_LEAD,855977,23533
1/30/2026 16:54:24,2026-01-30,NEW_LEAD,856193,30590
1/30/2026 18:04:02,2026-01-30,SHOWING_COMPLETED,828298,29200
1/30/2026 18:05:39,2026-01-30,NEW_LEAD,856505,39211
1/30/2026 19:47:40,2026-01-31,NEW_LEAD,856899,39211
1/30/2026 21:16:33,2026-01-31,NEW_LEAD,857174,23534
1/31/2026 13:48:53,2026-01-31,NEW_LEAD,859501,23534
1/31/2026 16:04:03,2026-01-31,SHOWING_COMPLETED,790169,30340
1/31/2026 17:31:23,2026-01-31,NEW_LEAD,860495,39211
1/31/2026 19:42:19,2026-02-01,NEW_LEAD,860988,25220
1/31/2026 20:41:25,2026-02-01,NEW_LEAD,861182,27740
1/31/2026 22:17:17,2026-02-01,NEW_LEAD,861446,30590
1/31/2026 23:38:54,2026-02-01,NEW_LEAD,861628,30590
2/1/2026 7:48:48,2026-02-01,NEW_LEAD,862115,27740
2/1/2026 10:09:00,2026-02-01,NEW_LEAD,862413,39488
2/1/2026 10:35:28,2026-02-01,NEW_LEAD,862483,35600
2/1/2026 10:41:28,2026-02-01,NEW_LEAD,862508,39211
2/1/2026 11:13:08,2026-02-01,NEW_LEAD,862623,30590
2/1/2026 11:18:42,2026-02-01,NEW_LEAD,862645,39211
2/1/2026 11:21:38,2026-02-01,NEW_LEAD,862657,35821
2/1/2026 11:25:35,2026-02-01,NEW_LEAD,862672,32560
2/1/2026 12:42:22,2026-02-01,NEW_LEAD,862990,32560
2/1/2026 12:51:33,2026-02-01,NEW_LEAD,863022,35821
2/1/2026 13:46:09,2026-02-01,NEW_LEAD,863245,39211
2/1/2026 21:58:45,2026-02-02,NEW_LEAD,865188,35600
2/1/2026 22:15:01,2026-02-02,NEW_LEAD,865232,32560
2/1/2026 22:15:50,2026-02-02,NEW_LEAD,865237,31285
2/2/2026 7:23:20,2026-02-02,NEW_LEAD,866002,35584
2/2/2026 9:23:07,2026-02-02,APPLICATION_RECEIVED,866002,35584
2/2/2026 9:35:42,2026-02-02,NEW_LEAD,866270,39485
2/2/2026 10:20:18,2026-02-02,NEW_LEAD,866485,27740
2/2/2026 11:54:54,2026-02-02,NEW_LEAD,867004,39485
2/2/2026 12:48:33,2026-02-02,NEW_LEAD,867322,39488
2/2/2026 14:49:39,2026-02-02,NEW_LEAD,868071,39485
2/2/2026 15:32:36,2026-02-02,NEW_LEAD,868275,25220
2/2/2026 16:30:05,2026-02-02,NEW_LEAD,868607,32560
2/2/2026 19:14:20,2026-02-03,NEW_LEAD,869477,39211
2/2/2026 20:20:18,2026-02-03,NEW_LEAD,869766,23533
2/2/2026 21:58:28,2026-02-03,NEW_LEAD,870161,25220
2/3/2026 0:32:10,2026-02-03,NEW_LEAD,870687,33590
2/3/2026 4:59:28,2026-02-03,NEW_LEAD,870988,39488
2/3/2026 5:03:10,2026-02-03,NEW_LEAD,870992,39487
2/3/2026 5:03:45,2026-02-03,NEW_LEAD,870993,39486
2/3/2026 7:38:03,2026-02-03,NEW_LEAD,871142,35600
2/3/2026 8:37:43,2026-02-03,NEW_LEAD,871270,39485
2/3/2026 8:51:46,2026-02-03,NEW_LEAD,871308,39488
2/3/2026 9:09:01,2026-02-03,NEW_LEAD,871357,25220
2/3/2026 11:48:10,2026-02-03,NEW_LEAD,872111,39488
2/3/2026 14:10:20,2026-02-03,NEW_LEAD,872930,25220
2/3/2026 14:59:56,2026-02-03,NEW_LEAD,873182,25220
2/3/2026 15:31:25,2026-02-03,NEW_LEAD,873374,25220
2/3/2026 20:00:31,2026-02-04,NEW_LEAD,874799,27740
2/3/2026 21:39:47,2026-02-04,NEW_LEAD,875216,39485
2/4/2026 10:51:44,2026-02-04,NEW_LEAD,876916,33590
2/4/2026 11:05:45,2026-02-04,NEW_LEAD,876986,23533
2/4/2026 12:23:11,2026-02-04,SHOWING_COMPLETED,807020,32560
2/4/2026 13:06:24,2026-02-04,SHOWING_COMPLETED,871357,25220
2/4/2026 13:17:02,2026-02-04,NEW_LEAD,878451,39488
2/4/2026 15:22:00,2026-02-04,NEW_LEAD,879203,39485
2/4/2026 15:29:09,2026-02-04,APPLICATION_RECEIVED,753882,34565
2/4/2026 16:21:33,2026-02-04,NEW_LEAD,879546,25220
2/4/2026 22:12:29,2026-02-05,NEW_LEAD,882262,39211
2/4/2026 22:12:27,2026-02-05,NEW_LEAD,882261,23533
2/4/2026 22:19:35,2026-02-05,NEW_LEAD,882297,39485
2/4/2026 22:21:25,2026-02-05,NEW_LEAD,882304,30590
2/4/2026 22:32:02,2026-02-05,NEW_LEAD,882339,39488
2/4/2026 22:33:21,2026-02-05,NEW_LEAD,882346,39211
2/5/2026 9:34:56,2026-02-05,NEW_LEAD,883477,25220
2/5/2026 9:47:52,2026-02-05,NEW_LEAD,883532,35600
2/5/2026 11:53:41,2026-02-05,NEW_LEAD,884183,25220
2/5/2026 17:31:27,2026-02-05,APPLICATION_RECEIVED,807020,32560
2/5/2026 17:43:55,2026-02-05,APPLICATION_RECEIVED,869477,39211
2/5/2026 18:28:10,2026-02-05,NEW_LEAD,886450,39211
2/5/2026 18:38:27,2026-02-05,NEW_LEAD,886501,39211
2/5/2026 20:05:05,2026-02-06,NEW_LEAD,886851,29200
2/5/2026 21:44:09,2026-02-06,NEW_LEAD,887260,29200
2/5/2026 22:52:01,2026-02-06,NEW_LEAD,887492,25220
2/6/2026 3:55:50,2026-02-06,NEW_LEAD,888047,23533
2/6/2026 10:33:24,2026-02-06,NEW_LEAD,888778,30340
2/6/2026 10:39:51,2026-02-06,NEW_LEAD,888949,30340
2/6/2026 12:04:02,2026-02-06,SHOWING_COMPLETED,882262,39211
2/6/2026 13:04:02,2026-02-06,SHOWING_COMPLETED,755154,34565
2/6/2026 15:04:03,2026-02-06,SHOWING_COMPLETED,860988,25220
2/6/2026 15:04:03,2026-02-06,SHOWING_COMPLETED,887492,25220
2/6/2026 17:48:19,2026-02-06,APPLICATION_RECEIVED,882262,39211
2/6/2026 18:04:02,2026-02-06,SHOWING_COMPLETED,861182,27740
2/6/2026 18:04:02,2026-02-06,SHOWING_COMPLETED,874799,27740
2/6/2026 19:04:03,2026-02-07,SHOWING_COMPLETED,866485,27740
2/6/2026 19:47:01,2026-02-07,NEW_LEAD,891812,35600
2/6/2026 23:59:27,2026-02-07,NEW_LEAD,892609,39211
2/7/2026 11:37:46,2026-02-07,NEW_LEAD,893871,23533
2/7/2026 11:55:28,2026-02-07,NEW_LEAD,893964,25220
2/7/2026 12:49:16,2026-02-07,SHOWING_COMPLETED,862413,39488
2/7/2026 13:08:42,2026-02-07,NEW_LEAD,894357,31285
2/7/2026 13:54:31,2026-02-07,SHOWING_COMPLETED,783602,34565
2/7/2026 14:48:59,2026-02-07,NEW_LEAD,894905,23533
2/7/2026 15:23:22,2026-02-07,SHOWING_COMPLETED,852513,30340
2/7/2026 16:21:38,2026-02-07,NEW_LEAD,895364,34711
2/7/2026 17:28:04,2026-02-07,NEW_LEAD,895661,39211
2/7/2026 17:57:19,2026-02-07,NEW_LEAD,895778,27740
2/7/2026 23:00:00,2026-02-08,NEW_LEAD,896757,39485
2/8/2026 9:43:12,2026-02-08,NEW_LEAD,897576,39211
2/8/2026 10:19:31,2026-02-08,NEW_LEAD,897702,23533
2/8/2026 14:34:09,2026-02-08,NEW_LEAD,898694,39211
2/8/2026 15:58:00,2026-02-08,NEW_LEAD,899038,39211
2/8/2026 16:10:31,2026-02-08,NEW_LEAD,899087,39211
2/8/2026 17:16:24,2026-02-08,NEW_LEAD,899350,25220
2/8/2026 21:33:13,2026-02-09,NEW_LEAD,900133,35821
2/8/2026 22:19:23,2026-02-09,NEW_LEAD,900258,39211
2/8/2026 22:33:23,2026-02-09,NEW_LEAD,900295,34565
2/9/2026 0:18:19,2026-02-09,NEW_LEAD,900575,30590
2/9/2026 12:06:35,2026-02-09,NEW_LEAD,902125,35600
2/9/2026 12:51:11,2026-02-09,NEW_LEAD,902464,39211
2/9/2026 13:31:47,2026-02-09,NEW_LEAD,902717,39211
2/9/2026 14:01:28,2026-02-09,SHOWING_COMPLETED,798732,35645
2/9/2026 14:46:48,2026-02-09,NEW_LEAD,903205,39485
2/9/2026 15:04:02,2026-02-09,SHOWING_COMPLETED,894905,23533
2/9/2026 17:40:53,2026-02-09,NEW_LEAD,904350,23534
2/9/2026 17:47:59,2026-02-09,SHOWING_COMPLETED,787251,35600
2/9/2026 18:06:38,2026-02-09,SHOWING_COMPLETED,805737,35600
2/9/2026 18:49:35,2026-02-09,NEW_LEAD,904702,39485
2/9/2026 19:34:08,2026-02-10,NEW_LEAD,904919,25220
2/9/2026 19:42:19,2026-02-10,NEW_LEAD,904965,39211
2/9/2026 22:42:02,2026-02-10,NEW_LEAD,905691,39324
2/9/2026 22:52:50,2026-02-10,NEW_LEAD,905719,27740
2/9/2026 22:57:45,2026-02-10,NEW_LEAD,905740,31285
2/9/2026 23:44:04,2026-02-10,NEW_LEAD,905878,39211
2/10/2026 10:55:53,2026-02-10,NEW_LEAD,907145,35600
2/10/2026 12:04:02,2026-02-10,SHOWING_COMPLETED,882304,30590
2/10/2026 12:16:05,2026-02-10,NEW_LEAD,907665,39485
2/10/2026 13:50:17,2026-02-10,NEW_LEAD,908268,39488
2/10/2026 13:56:34,2026-02-10,NEW_LEAD,908312,35584
2/10/2026 14:18:13,2026-02-10,NEW_LEAD,908434,37191
2/10/2026 15:35:49,2026-02-10,NEW_LEAD,908877,23533
2/10/2026 15:41:11,2026-02-10,NEW_LEAD,908911,34565
2/10/2026 16:04:02,2026-02-10,SHOWING_COMPLETED,897576,39211
2/10/2026 17:20:30,2026-02-10,NEW_LEAD,909438,31285
2/10/2026 21:57:52,2026-02-11,NEW_LEAD,911131,30590
2/10/2026 23:50:36,2026-02-11,NEW_LEAD,911524,39485
2/11/2026 0:27:12,2026-02-11,NEW_LEAD,911618,39211
2/11/2026 5:53:06,2026-02-11,NEW_LEAD,911944,35600
2/11/2026 9:43:14,2026-02-11,NEW_LEAD,912416,30340
2/11/2026 9:43:25,2026-02-11,SHOWING_COMPLETED,899350,25220
2/11/2026 9:58:31,2026-02-11,NEW_LEAD,912491,30590
2/11/2026 10:13:16,2026-02-11,NEW_LEAD,912569,25220
2/11/2026 11:35:26,2026-02-11,NEW_LEAD,913057,27740
2/11/2026 11:39:43,2026-02-11,NEW_LEAD,913079,25220
2/11/2026 12:04:31,2026-02-11,APPLICATION_RECEIVED,897576,39211
2/11/2026 13:04:02,2026-02-11,SHOWING_COMPLETED,905691,39324
2/11/2026 16:56:01,2026-02-11,NEW_LEAD,915180,39211
2/11/2026 16:56:17,2026-02-11,NEW_LEAD,915183,23533
2/11/2026 16:59:12,2026-02-11,NEW_LEAD,915201,39485
2/11/2026 17:32:45,2026-02-11,NEW_LEAD,915427,39488
2/11/2026 18:04:03,2026-02-11,SHOWING_COMPLETED,894357,31285
2/11/2026 18:08:08,2026-02-11,NEW_LEAD,915604,30590
2/11/2026 19:57:53,2026-02-12,NEW_LEAD,916223,23533
2/11/2026 21:51:41,2026-02-12,APPLICATION_RECEIVED,905691,39324
2/12/2026 0:53:18,2026-02-12,NEW_LEAD,917371,31285
2/12/2026 7:14:08,2026-02-12,NEW_LEAD,917753,35600
2/12/2026 7:49:23,2026-02-12,NEW_LEAD,917813,31285
2/12/2026 13:14:10,2026-02-12,NEW_LEAD,919363,41328
2/12/2026 13:16:39,2026-02-12,NEW_LEAD,919383,39324
2/12/2026 16:33:17,2026-02-12,NEW_LEAD,920571,35821
2/12/2026 16:34:33,2026-02-12,NEW_LEAD,920575,31285
2/12/2026 19:45:23,2026-02-13,NEW_LEAD,921522,41328
2/12/2026 19:51:38,2026-02-13,NEW_LEAD,921561,34565
2/12/2026 19:53:17,2026-02-13,NEW_LEAD,921572,39211
2/12/2026 20:41:32,2026-02-13,NEW_LEAD,921808,41328
2/13/2026 6:16:30,2026-02-13,NEW_LEAD,922918,23534
2/13/2026 9:40:27,2026-02-13,NEW_LEAD,923384,41328
2/13/2026 11:30:44,2026-02-13,NEW_LEAD,923870,39485
2/13/2026 12:04:01,2026-02-13,SHOWING_COMPLETED,866002,35584
2/13/2026 12:49:19,2026-02-13,NEW_LEAD,924302,41612
2/13/2026 13:07:47,2026-02-13,NEW_LEAD,924412,41328
2/13/2026 14:03:17,2026-02-13,NEW_LEAD,924714,30590
2/13/2026 14:15:59,2026-02-13,NEW_LEAD,924786,34565
2/13/2026 14:19:42,2026-02-13,NEW_LEAD,924810,23533
2/13/2026 14:26:15,2026-02-13,NEW_LEAD,924844,34565
2/13/2026 14:28:15,2026-02-13,NEW_LEAD,924858,39211
2/13/2026 14:30:50,2026-02-13,NEW_LEAD,924872,39487
2/13/2026 14:30:58,2026-02-13,NEW_LEAD,924874,39488
2/13/2026 14:49:31,2026-02-13,NEW_LEAD,924975,23533
2/13/2026 16:55:33,2026-02-13,NEW_LEAD,925884,34565
2/13/2026 17:04:02,2026-02-13,SHOWING_COMPLETED,905691,39324
2/13/2026 17:45:12,2026-02-13,NEW_LEAD,926115,35600
2/13/2026 21:40:51,2026-02-14,NEW_LEAD,926956,39324
2/13/2026 21:56:29,2026-02-14,NEW_LEAD,926997,41612
2/13/2026 22:24:40,2026-02-14,NEW_LEAD,927073,34711
2/14/2026 0:49:18,2026-02-14,NEW_LEAD,927406,34565
2/14/2026 5:14:04,2026-02-14,NEW_LEAD,927643,41328
2/14/2026 10:07:13,2026-02-14,NEW_LEAD,928044,39485
2/14/2026 12:53:59,2026-02-14,NEW_LEAD,928659,34565
2/14/2026 13:01:16,2026-02-14,APPLICATION_RECEIVED,924975,23533
2/14/2026 20:10:17,2026-02-15,NEW_LEAD,930284,30340
2/14/2026 20:19:16,2026-02-15,NEW_LEAD,930304,31285
2/15/2026 5:27:19,2026-02-15,NEW_LEAD,931123,41328
2/15/2026 11:00:06,2026-02-15,NEW_LEAD,931656,27740
2/15/2026 13:26:52,2026-02-15,NEW_LEAD,932271,31285
2/15/2026 13:33:44,2026-02-15,NEW_LEAD,932292,39485
2/15/2026 13:46:12,2026-02-15,NEW_LEAD,932341,41328
2/15/2026 14:01:46,2026-02-15,NEW_LEAD,932392,25220
2/15/2026 16:10:47,2026-02-15,APPLICATION_RECEIVED,919363,41328
2/15/2026 20:40:24,2026-02-16,NEW_LEAD,934008,29200
2/15/2026 22:55:36,2026-02-16,NEW_LEAD,934455,41795
2/16/2026 2:25:21,2026-02-16,NEW_LEAD,934860,41795
2/16/2026 7:04:48,2026-02-16,NEW_LEAD,935031,34565
2/16/2026 9:00:07,2026-02-16,NEW_LEAD,935222,39485
2/16/2026 9:36:53,2026-02-16,NEW_LEAD,935348,39485
2/16/2026 10:11:17,2026-02-16,NEW_LEAD,935476,30590
2/16/2026 10:34:18,2026-02-16,NEW_LEAD,935593,30590
2/16/2026 11:55:39,2026-02-16,NEW_LEAD,936073,41795
2/16/2026 12:26:10,2026-02-16,NEW_LEAD,936283,41612
2/16/2026 13:32:23,2026-02-16,NEW_LEAD,936879,41795
2/16/2026 14:04:02,2026-02-16,SHOWING_COMPLETED,888949,30340
2/16/2026 15:40:28,2026-02-16,NEW_LEAD,937699,41795
2/16/2026 16:04:37,2026-02-16,NEW_LEAD,937888,23533
2/16/2026 17:29:46,2026-02-16,NEW_LEAD,938481,41328
2/16/2026 17:39:10,2026-02-16,NEW_LEAD,938528,41795
2/16/2026 17:39:51,2026-02-16,NEW_LEAD,938534,41795
2/16/2026 18:45:45,2026-02-16,NEW_LEAD,938850,39211
2/16/2026 21:48:32,2026-02-17,NEW_LEAD,939670,31285
2/16/2026 21:59:43,2026-02-17,NEW_LEAD,939718,41328
2/16/2026 22:02:22,2026-02-17,NEW_LEAD,939726,31285
2/16/2026 22:11:06,2026-02-17,NEW_LEAD,939753,41328
2/16/2026 22:21:29,2026-02-17,NEW_LEAD,939794,27740
2/17/2026 0:05:09,2026-02-17,NEW_LEAD,940082,30590
2/17/2026 0:10:43,2026-02-17,NEW_LEAD,940099,39485
2/17/2026 9:15:33,2026-02-17,NEW_LEAD,940866,39488
2/17/2026 9:28:19,2026-02-17,NEW_LEAD,940913,39485
2/17/2026 9:52:29,2026-02-17,SHOWING_COMPLETED,934455,41795
2/17/2026 10:12:30,2026-02-17,NEW_LEAD,941109,34565
2/17/2026 10:48:12,2026-02-17,NEW_LEAD,941305,39485
2/17/2026 11:15:24,2026-02-17,NEW_LEAD,941870,39211
2/17/2026 11:21:30,2026-02-17,NEW_LEAD,942181,34565
2/17/2026 11:21:46,2026-02-17,NEW_LEAD,942197,39485
2/17/2026 11:23:21,2026-02-17,NEW_LEAD,942287,34565
2/17/2026 11:24:42,2026-02-17,NEW_LEAD,942358,34565
2/17/2026 11:25:55,2026-02-17,NEW_LEAD,942421,41795
2/17/2026 11:32:59,2026-02-17,NEW_LEAD,942809,34565
2/17/2026 11:35:19,2026-02-17,NEW_LEAD,942921,39211
2/17/2026 11:36:29,2026-02-17,NEW_LEAD,942985,30590
2/17/2026 11:50:26,2026-02-17,NEW_LEAD,943297,39324
2/17/2026 12:30:23,2026-02-17,NEW_LEAD,943695,41795
2/17/2026 12:40:26,2026-02-17,NEW_LEAD,943743,41795
2/17/2026 12:41:18,2026-02-17,NEW_LEAD,943749,39485
2/17/2026 12:45:12,2026-02-17,NEW_LEAD,943767,39488
2/17/2026 13:02:26,2026-02-17,NEW_LEAD,943930,41612
2/17/2026 13:22:19,2026-02-17,NEW_LEAD,944068,23534
2/17/2026 14:34:36,2026-02-17,SHOWING_COMPLETED,908877,23533
2/17/2026 15:02:15,2026-02-17,NEW_LEAD,944807,39211
2/17/2026 15:47:08,2026-02-17,APPLICATION_RECEIVED,908877,23533
2/17/2026 16:43:54,2026-02-17,NEW_LEAD,945520,39485
2/17/2026 18:38:01,2026-02-17,NEW_LEAD,946218,35821
2/17/2026 19:13:38,2026-02-18,NEW_LEAD,946445,34565
2/17/2026 19:36:03,2026-02-18,NEW_LEAD,946565,35821
2/17/2026 19:53:55,2026-02-18,NEW_LEAD,946698,41795
2/17/2026 19:56:56,2026-02-18,NEW_LEAD,946720,30590
2/17/2026 20:18:12,2026-02-18,NEW_LEAD,946842,41795
2/17/2026 21:14:54,2026-02-18,NEW_LEAD,947161,41795
2/18/2026 1:44:01,2026-02-18,NEW_LEAD,948168,41612
2/18/2026 10:24:51,2026-02-18,APPLICATION_RECEIVED,866002,35584
2/18/2026 10:36:51,2026-02-18,APPLICATION_RECEIVED,744750,31285
2/18/2026 11:09:24,2026-02-18,NEW_LEAD,949474,41795
2/18/2026 13:28:43,2026-02-18,NEW_LEAD,950696,35600
2/18/2026 15:13:52,2026-02-18,NEW_LEAD,951445,41612
2/18/2026 15:33:11,2026-02-18,NEW_LEAD,951586,23534
2/18/2026 16:14:08,2026-02-18,NEW_LEAD,951926,39211
2/18/2026 17:29:24,2026-02-18,NEW_LEAD,952478,32560
2/18/2026 17:50:45,2026-02-18,NEW_LEAD,952622,39485
2/18/2026 17:59:39,2026-02-18,NEW_LEAD,952689,35584
2/18/2026 18:14:04,2026-02-18,APPLICATION_RECEIVED,934455,41795
2/18/2026 20:17:37,2026-02-19,NEW_LEAD,953471,41328
2/18/2026 20:51:55,2026-02-19,NEW_LEAD,953656,35584
2/18/2026 21:10:01,2026-02-19,NEW_LEAD,953768,41795
2/18/2026 22:28:42,2026-02-19,NEW_LEAD,954184,34565
2/19/2026 1:52:56,2026-02-19,NEW_LEAD,954769,35600
2/19/2026 8:08:56,2026-02-19,NEW_LEAD,955195,35821
2/19/2026 9:41:57,2026-02-19,SHOWING_COMPLETED,944068,23534
2/19/2026 10:26:29,2026-02-19,NEW_LEAD,955742,32560
2/19/2026 11:10:45,2026-02-19,NEW_LEAD,956031,39485
2/19/2026 11:42:44,2026-02-19,NEW_LEAD,956236,35584
2/19/2026 11:58:53,2026-02-19,NEW_LEAD,956361,35821
2/19/2026 12:42:36,2026-02-19,NEW_LEAD,956763,41612
2/19/2026 13:04:01,2026-02-19,SHOWING_COMPLETED,931656,27740
2/19/2026 13:55:59,2026-02-19,SHOWING_COMPLETED,935031,34565
2/19/2026 14:22:02,2026-02-19,NEW_LEAD,957477,23533
2/19/2026 16:31:10,2026-02-19,NEW_LEAD,958377,35821
2/19/2026 17:52:19,2026-02-19,NEW_LEAD,959259,23533
2/19/2026 18:20:52,2026-02-19,NEW_LEAD,959385,23533
2/19/2026 19:46:55,2026-02-20,NEW_LEAD,959822,34565
2/19/2026 21:21:16,2026-02-20,NEW_LEAD,960281,41612
2/19/2026 21:48:13,2026-02-20,NEW_LEAD,960405,41795
2/19/2026 22:44:51,2026-02-20,NEW_LEAD,960652,35821
2/19/2026 23:04:33,2026-02-20,NEW_LEAD,960757,35821
2/19/2026 23:30:22,2026-02-20,NEW_LEAD,960841,32560
2/20/2026 7:40:02,2026-02-20,NEW_LEAD,961566,39485
2/20/2026 9:17:46,2026-02-20,SHOWING_COMPLETED,955195,35821
2/20/2026 9:43:50,2026-02-20,SHOWING_COMPLETED,946565,35821
2/20/2026 9:47:57,2026-02-20,APPLICATION_RECEIVED,888778,30340
2/20/2026 9:47:57,2026-02-20,APPLICATION_RECEIVED,888949,30340
2/20/2026 9:58:30,2026-02-20,NEW_LEAD,962057,39324
2/20/2026 10:43:46,2026-02-20,NEW_LEAD,962313,35821
2/20/2026 12:04:01,2026-02-20,SHOWING_COMPLETED,934008,29200
2/20/2026 12:27:31,2026-02-20,NEW_LEAD,962946,35584
2/20/2026 12:33:35,2026-02-20,NEW_LEAD,962985,27740
2/20/2026 12:34:22,2026-02-20,APPLICATION_RECEIVED,861182,27740
2/20/2026 13:21:07,2026-02-20,NEW_LEAD,963316,35600
2/20/2026 13:30:35,2026-02-20,NEW_LEAD,963378,23533
2/20/2026 15:04:03,2026-02-20,SHOWING_COMPLETED,932271,31285
2/20/2026 15:34:05,2026-02-20,NEW_LEAD,964112,35600
2/20/2026 16:11:32,2026-02-20,NEW_LEAD,964332,34565
2/20/2026 16:43:27,2026-02-20,APPLICATION_RECEIVED,946565,35821
2/20/2026 17:01:22,2026-02-20,NEW_LEAD,964641,41612
2/20/2026 18:04:02,2026-02-20,SHOWING_COMPLETED,751373,27740
2/20/2026 18:47:25,2026-02-20,NEW_LEAD,965216,30340
2/20/2026 21:04:16,2026-02-21,NEW_LEAD,965860,41795
2/21/2026 0:37:46,2026-02-21,NEW_LEAD,966543,31285
2/21/2026 7:56:44,2026-02-21,NEW_LEAD,967081,42833
2/21/2026 9:24:39,2026-02-21,NEW_LEAD,967313,34565
2/21/2026 11:07:10,2026-02-21,NEW_LEAD,968166,34565
2/21/2026 11:41:22,2026-02-21,NEW_LEAD,968386,35821
2/21/2026 12:04:02,2026-02-21,SHOWING_COMPLETED,962057,39324
2/21/2026 13:21:23,2026-02-21,NEW_LEAD,968989,29200
2/21/2026 14:02:10,2026-02-21,NEW_LEAD,969278,31285
2/21/2026 16:04:03,2026-02-21,SHOWING_COMPLETED,964112,35600
2/21/2026 16:05:38,2026-02-21,SHOWING_COMPLETED,927073,34711
2/21/2026 16:41:33,2026-02-21,NEW_LEAD,970386,42833
2/21/2026 16:48:13,2026-02-21,NEW_LEAD,970426,41612
2/21/2026 17:37:48,2026-02-21,NEW_LEAD,970686,35600
2/21/2026 17:45:00,2026-02-21,NEW_LEAD,970718,41612
2/21/2026 18:41:46,2026-02-21,NEW_LEAD,970967,39488
2/21/2026 20:09:11,2026-02-22,NEW_LEAD,971383,34565
2/21/2026 20:22:43,2026-02-22,NEW_LEAD,971444,35600
2/21/2026 21:50:00,2026-02-22,NEW_LEAD,971772,34565
2/21/2026 21:51:53,2026-02-22,NEW_LEAD,971780,27740
2/21/2026 22:47:38,2026-02-22,NEW_LEAD,971977,35600
2/21/2026 23:10:09,2026-02-22,NEW_LEAD,972039,27740
2/21/2026 23:36:13,2026-02-22,NEW_LEAD,972135,35600
2/22/2026 3:04:29,2026-02-22,NEW_LEAD,972552,41795
2/22/2026 12:12:50,2026-02-22,NEW_LEAD,973831,41795
2/22/2026 13:12:26,2026-02-22,NEW_LEAD,974192,43015
2/22/2026 13:27:13,2026-02-22,NEW_LEAD,974273,41795
2/22/2026 14:20:05,2026-02-22,APPLICATION_RECEIVED,974192,43015
2/22/2026 14:33:12,2026-02-22,NEW_LEAD,974653,35821
2/22/2026 16:26:10,2026-02-22,NEW_LEAD,975343,39485
2/22/2026 17:48:25,2026-02-22,NEW_LEAD,975825,39485
2/22/2026 17:50:10,2026-02-22,NEW_LEAD,975835,30340
2/22/2026 18:11:18,2026-02-22,NEW_LEAD,975929,39488
2/22/2026 19:55:05,2026-02-23,NEW_LEAD,976419,39485
2/22/2026 21:48:10,2026-02-23,NEW_LEAD,976892,39485
2/22/2026 22:09:20,2026-02-23,NEW_LEAD,976966,42833
2/22/2026 22:19:43,2026-02-23,NEW_LEAD,977020,41612
2/23/2026 3:28:27,2026-02-23,NEW_LEAD,977797,42833
2/23/2026 9:24:45,2026-02-23,NEW_LEAD,978422,43015
2/23/2026 9:37:29,2026-02-23,NEW_LEAD,978492,35600
2/23/2026 10:09:10,2026-02-23,NEW_LEAD,978697,42833
2/23/2026 10:40:05,2026-02-23,NEW_LEAD,978885,30340
2/23/2026 12:19:33,2026-02-23,NEW_LEAD,979621,35600
2/23/2026 15:04:03,2026-02-23,SHOWING_COMPLETED,903205,39485
2/23/2026 15:04:03,2026-02-23,SHOWING_COMPLETED,867004,39485
2/23/2026 15:04:03,2026-02-23,SHOWING_COMPLETED,945520,39485
2/23/2026 17:03:54,2026-02-23,NEW_LEAD,981771,35600
2/23/2026 17:04:02,2026-02-23,SHOWING_COMPLETED,943297,39324
2/23/2026 17:50:09,2026-02-23,NEW_LEAD,982076,32560
2/23/2026 20:48:28,2026-02-24,APPLICATION_RECEIVED,962057,39324
2/23/2026 20:59:52,2026-02-24,NEW_LEAD,983175,23533
2/23/2026 21:29:58,2026-02-24,NEW_LEAD,983315,27740
2/23/2026 22:07:35,2026-02-24,NEW_LEAD,983496,34565
2/23/2026 23:02:29,2026-02-24,NEW_LEAD,983726,42833
2/24/2026 10:22:26,2026-02-24,SHOWING_COMPLETED,962313,35821
2/24/2026 11:49:13,2026-02-24,NEW_LEAD,986115,43015
2/24/2026 13:20:54,2026-02-24,NEW_LEAD,986817,34565
2/24/2026 13:27:58,2026-02-24,NEW_LEAD,986873,31285
2/24/2026 14:17:46,2026-02-24,NEW_LEAD,987263,35600
2/24/2026 14:22:21,2026-02-24,SHOWING_COMPLETED,964332,34565
2/24/2026 15:11:48,2026-02-24,SHOWING_COMPLETED,956763,41612
2/24/2026 15:12:33,2026-02-24,NEW_LEAD,987700,35600
2/24/2026 15:39:40,2026-02-24,SHOWING_COMPLETED,936283,41612
2/24/2026 15:50:14,2026-02-24,NEW_LEAD,987987,35821
2/24/2026 16:24:20,2026-02-24,NEW_LEAD,988269,35821
2/24/2026 16:34:30,2026-02-24,NEW_LEAD,988337,42833
2/24/2026 17:19:53,2026-02-24,NEW_LEAD,988666,34565
2/24/2026 17:30:28,2026-02-24,NEW_LEAD,988736,42833
2/24/2026 17:46:40,2026-02-24,NEW_LEAD,988861,27740
2/24/2026 18:04:03,2026-02-24,SHOWING_COMPLETED,920575,31285
2/24/2026 18:51:05,2026-02-24,APPLICATION_RECEIVED,936283,41612
2/24/2026 18:55:10,2026-02-24,NEW_LEAD,989288,35821
2/24/2026 19:13:40,2026-02-25,NEW_LEAD,989386,31285
2/24/2026 19:26:29,2026-02-25,NEW_LEAD,989463,27740
2/24/2026 19:49:05,2026-02-25,NEW_LEAD,989599,23533
2/24/2026 21:26:06,2026-02-25,NEW_LEAD,990101,27740
2/24/2026 21:56:03,2026-02-25,NEW_LEAD,990254,29200
2/24/2026 23:15:44,2026-02-25,NEW_LEAD,990598,27740
2/25/2026 9:31:27,2026-02-25,NEW_LEAD,991750,41795
2/25/2026 9:39:08,2026-02-25,NEW_LEAD,991787,43015
2/25/2026 10:32:41,2026-02-25,NEW_LEAD,992069,43015
2/25/2026 11:17:58,2026-02-25,NEW_LEAD,992359,41795
2/25/2026 11:24:22,2026-02-25,NEW_LEAD,992398,32560
2/25/2026 13:18:56,2026-02-25,SHOWING_COMPLETED,965216,30340
2/25/2026 13:20:00,2026-02-25,NEW_LEAD,993220,37191
2/25/2026 15:38:45,2026-02-25,NEW_LEAD,995213,23533
2/25/2026 16:30:47,2026-02-25,SHOWING_COMPLETED,947161,41795
2/25/2026 16:45:36,2026-02-25,NEW_LEAD,996146,43015
2/25/2026 18:48:16,2026-02-25,NEW_LEAD,996857,42833
2/25/2026 21:08:27,2026-02-26,NEW_LEAD,997613,35645
2/25/2026 22:20:29,2026-02-26,NEW_LEAD,997950,43015
2/25/2026 23:32:59,2026-02-26,NEW_LEAD,998263,34565
2/26/2026 8:24:37,2026-02-26,APPLICATION_RECEIVED,920575,31285
2/26/2026 8:26:54,2026-02-26,NEW_LEAD,999076,34565
2/26/2026 11:46:42,2026-02-26,NEW_LEAD,1000110,41795
2/26/2026 14:09:08,2026-02-26,SHOWING_COMPLETED,960757,35821
2/26/2026 15:28:16,2026-02-26,NEW_LEAD,1001618,31285
2/26/2026 15:51:17,2026-02-26,NEW_LEAD,1002699,41612
2/26/2026 18:01:25,2026-02-26,NEW_LEAD,1004701,41795
2/26/2026 18:34:42,2026-02-26,NEW_LEAD,1004891,39485
2/26/2026 19:02:29,2026-02-27,NEW_LEAD,1005055,39488
2/26/2026 19:47:17,2026-02-27,NEW_LEAD,1005304,34565
2/26/2026 20:16:58,2026-02-27,NEW_LEAD,1005487,29200
2/26/2026 21:20:22,2026-02-27,NEW_LEAD,1005846,34565
2/26/2026 21:56:21,2026-02-27,NEW_LEAD,1006003,41795
2/27/2026 0:40:59,2026-02-27,NEW_LEAD,1006627,39485
2/27/2026 1:00:33,2026-02-27,NEW_LEAD,1006678,35600
2/27/2026 1:00:33,2026-02-27,NEW_LEAD,1006679,35600
2/27/2026 9:20:06,2026-02-27,NEW_LEAD,1007409,39486
2/27/2026 9:25:28,2026-02-27,NEW_LEAD,1007441,41612
2/27/2026 9:45:17,2026-02-27,NEW_LEAD,1007518,35600
2/27/2026 12:04:02,2026-02-27,SHOWING_COMPLETED,978885,30340
2/27/2026 14:47:05,2026-02-27,NEW_LEAD,1009347,23534
2/27/2026 14:51:38,2026-02-27,NEW_LEAD,1009387,35821
2/27/2026 16:38:40,2026-02-27,SHOWING_COMPLETED,971977,35600
2/27/2026 18:04:02,2026-02-27,SHOWING_COMPLETED,973831,41795
2/28/2026 0:30:48,2026-02-28,NEW_LEAD,1012147,29200
2/28/2026 9:08:55,2026-02-28,NEW_LEAD,1012870,32560
2/28/2026 10:26:19,2026-02-28,NEW_LEAD,1013227,41795
2/28/2026 11:08:43,2026-02-28,NEW_LEAD,1013452,34565
2/28/2026 11:49:31,2026-02-28,NEW_LEAD,1013655,31285
2/28/2026 12:33:17,2026-02-28,NEW_LEAD,1013915,35821
2/28/2026 13:07:18,2026-02-28,NEW_LEAD,1014078,32560
2/28/2026 14:24:59,2026-02-28,NEW_LEAD,1014509,39485
2/28/2026 16:20:58,2026-02-28,NEW_LEAD,1015110,30340
2/28/2026 16:33:10,2026-02-28,NEW_LEAD,1015175,37191
2/28/2026 18:18:58,2026-02-28,NEW_LEAD,1015651,31285
2/28/2026 18:51:43,2026-02-28,NEW_LEAD,1015769,34565
2/28/2026 21:44:09,2026-03-01,NEW_LEAD,1016414,30340
2/28/2026 22:37:05,2026-03-01,NEW_LEAD,1016579,37191
3/1/2026 3:45:58,2026-03-01,NEW_LEAD,1017146,43015
3/1/2026 13:35:38,2026-03-01,NEW_LEAD,1018618,34565
3/1/2026 17:22:15,2026-03-01,NEW_LEAD,1019844,39485
3/1/2026 17:43:04,2026-03-01,NEW_LEAD,1019946,32560
3/1/2026 21:59:13,2026-03-02,NEW_LEAD,1020987,41795
3/2/2026 8:14:41,2026-03-02,NEW_LEAD,1021930,41795
3/2/2026 8:22:43,2026-03-02,NEW_LEAD,1021952,42833
3/2/2026 8:27:30,2026-03-02,NEW_LEAD,1021961,41612
3/2/2026 8:30:39,2026-03-02,NEW_LEAD,1021971,35821
3/2/2026 11:49:45,2026-03-02,APPLICATION_RECEIVED,1021952,42833
3/2/2026 12:51:07,2026-03-02,NEW_LEAD,1023566,39485
3/2/2026 13:34:57,2026-03-02,NEW_LEAD,1023985,43015
3/2/2026 14:42:40,2026-03-02,NEW_LEAD,1024507,35600
3/2/2026 16:19:36,2026-03-02,SHOWING_COMPLETED,1014078,32560
3/2/2026 16:35:02,2026-03-02,SHOWING_COMPLETED,1012870,32560
3/2/2026 16:54:45,2026-03-02,SHOWING_COMPLETED,687398,31285
3/2/2026 18:04:03,2026-03-02,SHOWING_COMPLETED,966543,31285