Date,UnitID,Property Address,NewLeads,ShowingsCompleted,Missed/Failed,Apps Received
2025-11-20,23533,https://vestapm.rentvine.com/api/public/listings/179,1,0,0,0
2025-11-20,23534,https://vestapm.rentvine.com/api/public/listings/166,0,1,0,0
2025-11-20,23536,https://vestapm.rentvine.com/api/public/listings/177,1,0,0,0
2025-11-20,23539,https://vestapm.rentvine.com/api/public/listings/174,1,0,0,0
2025-11-20,24254,https://vestapm.rentvine.com/api/public/listings/40,2,2,0,0
2025-11-20,25225,https://vestapm.rentvine.com/api/public/listings/191,2,0,0,0
2025-11-20,25257,https://vestapm.rentvine.com/api/public/listings/200,1,0,0,0
2025-11-20,25258,https://vestapm.rentvine.com/api/public/listings/201,4,0,0,0
2025-11-20,23533,https://vestapm.rentvine.com/api/public/listings/179,1,0,0,0
2025-11-20,23534,https://vestapm.rentvine.com/api/public/listings/166,0,1,0,0
2025-11-20,23536,https://vestapm.rentvine.com/api/public/listings/177,1,0,0,0
2025-11-20,23539,https://vestapm.rentvine.com/api/public/listings/174,1,0,0,0
2025-11-20,24254,https://vestapm.rentvine.com/api/public/listings/40,2,2,0,0
2025-11-20,25225,https://vestapm.rentvine.com/api/public/listings/191,2,0,0,0
2025-11-20,25257,https://vestapm.rentvine.com/api/public/listings/200,1,0,0,0
2025-11-20,25258,https://vestapm.rentvine.com/api/public/listings/201,4,0,0,0
2025-11-20,23533,https://vestapm.rentvine.com/api/public/listings/179,1,0,0,0
2025-11-20,23534,https://vestapm.rentvine.com/api/public/listings/166,0,1,0,0
2025-11-20,23536,https://vestapm.rentvine.com/api/public/listings/177,1,0,0,0
2025-11-20,23539,https://vestapm.rentvine.com/api/public/listings/174,1,0,0,0
2025-11-20,24254,https://vestapm.rentvine.com/api/public/listings/40,2,2,0,0
2025-11-20,25225,https://vestapm.rentvine.com/api/public/listings/191,2,0,0,0
2025-11-20,25257,https://vestapm.rentvine.com/api/public/listings/200,1,0,0,1
2025-11-20,25258,https://vestapm.rentvine.com/api/public/listings/201,4,0,0,0
2025-11-20,23533,"35 Mulberry St, Asheville",1,0,0,0
2025-11-20,23534,"3 Penley Ave #B, Asheville",0,1,0,0
2025-11-20,23536,"43 Beekeeper Trl, Swannanoa",1,0,0,0
2025-11-20,23539,"4 Meadows Town Rd, Marshall",1,0,0,0
2025-11-20,24254,"28 Bass Ln #1, Hendersonville",2,2,0,0
2025-11-20,25225,"26 Reid St #5, Marion",2,0,0,0
2025-11-20,25257,"16 Meadows Town Rd, Marshall",1,0,0,1
2025-11-20,25258,"192 Appalachian Way, Asheville",4,0,0,0
2025-11-20,23533,"35 Mulberry St, Asheville",1,0,0,0
2025-11-20,23534,"3 Penley Ave #B, Asheville",0,1,0,0
2025-11-20,23536,"43 Beekeeper Trl, Swannanoa",1,0,0,0
2025-11-20,23539,"4 Meadows Town Rd, Marshall",1,0,0,0
2025-11-20,24254,"28 Bass Ln #1, Hendersonville",2,2,0,0
2025-11-20,25225,"26 Reid St #5, Marion",2,0,0,0
2025-11-20,25257,"16 Meadows Town Rd, Marshall",1,0,0,1
2025-11-20,25258,"192 Appalachian Way, Asheville",4,0,0,0
2025-11-21,23529,"12 Wood Rd, Arden",0,1,0,0
2025-11-21,23533,"35 Mulberry St, Asheville",1,0,0,0
2025-11-21,23534,"3 Penley Ave #B, Asheville",1,0,0,0
2025-11-21,23543,"70 Smith Graveyard Rd, Asheville",0,1,0,0
2025-11-21,24254,"28 Bass Ln #1, Hendersonville",3,0,0,2
2025-11-21,25264,"241 N Main St, Canton",0,1,0,0
2025-11-21,27311,"34 Huffman Rd, Asheville",1,0,0,0
2025-11-21,28077,"9 Silent Pl, Asheville",4,0,0,0
2025-11-22,23539,"4 Meadows Town Rd, Marshall",1,2,0,0
2025-11-22,23543,"70 Smith Graveyard Rd, Asheville",1,0,0,0
2025-11-22,24254,"28 Bass Ln #1, Hendersonville",1,0,0,0
2025-11-22,28077,"9 Silent Pl, Asheville",1,0,0,0
2025-11-23,23536,"43 Beekeeper Trl, Swannanoa",0,0,0,1
2025-11-23,23538,"125 Waynesville Ave, Asheville",1,0,0,0
2025-11-23,24254,"28 Bass Ln #1, Hendersonville",1,0,0,0
2025-11-23,28077,"9 Silent Pl, Asheville",1,0,0,0
2025-11-24,23534,"3 Penley Ave #B, Asheville",1,0,0,0
2025-11-24,23539,"4 Meadows Town Rd, Marshall",1,0,0,0
2025-11-24,23543,"70 Smith Graveyard Rd, Asheville",1,0,0,0
2025-11-24,28077,"9 Silent Pl, Asheville",2,1,0,0
2025-11-24,28559,"130 Reems Creek Rd #3, Weaverville",1,0,0,0
2025-11-25,23539,"4 Meadows Town Rd, Marshall",1,1,0,0
2025-11-25,24254,"28 Bass Ln #1, Hendersonville",2,0,0,0
2025-11-25,28077,"9 Silent Pl, Asheville",0,2,0,0
2025-11-25,28559,"130 Reems Creek Rd #3, Weaverville",2,0,0,0
2025-11-26,23538,"125 Waynesville Ave, Asheville",1,0,0,0
2025-11-26,24254,"28 Bass Ln #1, Hendersonville",4,0,0,0
2025-11-26,25019,"11 Apple Meadow Ln, Alexander",1,0,0,0
2025-11-26,25264,"241 N Main St, Canton",3,0,0,0
2025-11-26,28077,"9 Silent Pl, Asheville",1,0,0,1
2025-11-26,28559,"130 Reems Creek Rd #3, Weaverville",1,0,0,1
2025-11-27,23529,"12 Wood Rd, Arden",1,0,0,0
2025-11-27,23538,"125 Waynesville Ave, Asheville",1,0,0,0
2025-11-27,23543,"70 Smith Graveyard Rd, Asheville",1,0,0,0
2025-11-27,24254,"28 Bass Ln #1, Hendersonville",1,0,0,0
2025-11-27,27311,"34 Huffman Rd, Asheville",1,0,0,0
2025-11-27,28559,"130 Reems Creek Rd #3, Weaverville",1,0,0,0
2025-11-28,23536,"43 Beekeeper Trl, Swannanoa",1,0,0,0
2025-11-28,23539,"4 Meadows Town Rd, Marshall",1,1,0,0
2025-11-28,23543,"70 Smith Graveyard Rd, Asheville",1,0,0,0
2025-11-28,25019,"11 Apple Meadow Ln, Alexander",0,1,0,0
2025-11-28,28077,"9 Silent Pl, Asheville",0,1,0,0
2025-11-28,28559,"130 Reems Creek Rd #3, Weaverville",3,0,0,0
2025-11-29,24254,"28 Bass Ln #1, Hendersonville",1,0,0,0
2025-11-29,25019,"11 Apple Meadow Ln, Alexander",1,0,0,0
2025-11-30,23543,"70 Smith Graveyard Rd, Asheville",1,1,0,0
2025-11-30,25257,"16 Meadows Town Rd, Marshall",1,0,0,0
2025-11-30,28077,"9 Silent Pl, Asheville",2,0,0,0
2025-11-30,28559,"130 Reems Creek Rd #3, Weaverville",6,1,0,0
2025-12-01,23534,"3 Penley Ave #B, Asheville",1,0,0,0
2025-12-01,23536,"43 Beekeeper Trl, Swannanoa",1,0,0,0
2025-12-01,23538,"125 Waynesville Ave, Asheville",1,1,0,0
2025-12-01,23539,"4 Meadows Town Rd, Marshall",1,0,0,0
2025-12-01,23543,"70 Smith Graveyard Rd, Asheville",1,0,0,0
2025-12-01,24254,"28 Bass Ln #1, Hendersonville",1,0,0,1
2025-12-01,25220,"30 Benedict Ln, Weaverville",1,0,0,0
2025-12-01,28077,"9 Silent Pl, Asheville",1,0,0,0
2025-12-01,28559,"130 Reems Creek Rd #3, Weaverville",3,0,0,0
2025-12-02,23533,"35 Mulberry St, Asheville",1,0,0,0
2025-12-02,23538,"125 Waynesville Ave, Asheville",1,0,0,0
2025-12-02,23539,"4 Meadows Town Rd, Marshall",0,0,0,2
2025-12-02,23543,"70 Smith Graveyard Rd, Asheville",0,1,0,0
2025-12-02,24254,"28 Bass Ln #1, Hendersonville",2,0,0,0
2025-12-02,25264,"241 N Main St, Canton",3,2,0,0
2025-12-02,28077,"9 Silent Pl, Asheville",3,1,0,0
2025-12-02,28559,"130 Reems Creek Rd #3, Weaverville",2,0,0,0
2025-12-02,29201,"44 Rosemary Rd, Asheville",1,0,0,0
2025-12-02,29253,"86 Scott Meadows Dr, Asheville",1,0,0,0
2025-12-03,23538,"125 Waynesville Ave, Asheville",1,0,0,0
2025-12-03,23543,"70 Smith Graveyard Rd, Asheville",1,0,0,0
2025-12-03,24254,"28 Bass Ln #1, Hendersonville",1,3,0,0
2025-12-03,28077,"9 Silent Pl, Asheville",0,1,0,0
2025-12-03,28559,"130 Reems Creek Rd #3, Weaverville",1,0,0,0
2025-12-03,29154,"474 Hague Dr, Columbus",1,0,0,0
2025-12-03,29201,"44 Rosemary Rd, Asheville",1,0,0,0
2025-12-04,24254,"28 Bass Ln #1, Hendersonville",0,1,0,0
2025-12-04,27311,"34 Huffman Rd, Asheville",1,0,0,0
2025-12-04,28559,"130 Reems Creek Rd #3, Weaverville",1,0,0,0
2025-12-04,29154,"474 Hague Dr, Columbus",1,0,0,0
2025-12-04,29201,"44 Rosemary Rd, Asheville",0,1,0,0
2025-12-05,23533,"35 Mulberry St, Asheville",3,0,0,0
2025-12-05,24254,"28 Bass Ln #1, Hendersonville",1,0,0,1
2025-12-05,25264,"241 N Main St, Canton",1,0,0,0
2025-12-05,29253,"86 Scott Meadows Dr, Asheville",1,0,0,0
2025-12-06,23529,"12 Wood Rd, Arden",1,0,0,0
2025-12-06,23538,"125 Waynesville Ave, Asheville",0,1,0,0
2025-12-06,25019,"11 Apple Meadow Ln, Alexander",0,1,0,0
2025-12-06,25264,"241 N Main St, Canton",1,1,0,1
2025-12-06,28077,"9 Silent Pl, Asheville",1,0,0,0
2025-12-06,30340,"68 Maple St, Canton",1,0,0,0
2025-12-07,23543,"70 Smith Graveyard Rd, Asheville",2,0,0,0
2025-12-07,24254,"28 Bass Ln #1, Hendersonville",2,0,0,0
2025-12-07,27311,"34 Huffman Rd, Asheville",1,0,0,0
2025-12-08,23533,"35 Mulberry St, Asheville",1,2,1,0
2025-12-08,23534,"3 Penley Ave #B, Asheville",1,0,0,0
2025-12-08,23538,"125 Waynesville Ave, Asheville",1,0,0,0
2025-12-08,23543,"70 Smith Graveyard Rd, Asheville",1,1,0,0
2025-12-08,24254,"28 Bass Ln #1, Hendersonville",1,0,0,0
2025-12-08,27311,"34 Huffman Rd, Asheville",1,0,0,0
2025-12-08,29253,"86 Scott Meadows Dr, Asheville",1,0,0,0
2025-12-09,23534,"3 Penley Ave #B, Asheville",2,0,0,0
2025-12-09,23543,"70 Smith Graveyard Rd, Asheville",2,1,0,0
2025-12-09,24254,"28 Bass Ln #1, Hendersonville",3,0,0,0
2025-12-09,25220,"30 Benedict Ln, Weaverville",1,0,0,0
2025-12-09,25264,"241 N Main St, Canton",0,1,0,0
2025-12-09,27311,"34 Huffman Rd, Asheville",4,0,0,0
2025-12-09,29200,"114 Richmond Ave, Asheville",1,0,0,0
2025-12-09,29253,"86 Scott Meadows Dr, Asheville",1,0,0,0
2025-12-09,30590,"4 Katra Ln, Asheville",1,0,0,0
2025-12-09,30591,"220 Meredith Loop, Swannanoa",1,0,0,0
2025-12-10,23543,"70 Smith Graveyard Rd, Asheville",1,0,0,0
2025-12-10,24254,"28 Bass Ln #1, Hendersonville",2,0,0,0
2025-12-10,25019,"11 Apple Meadow Ln, Alexander",2,0,0,1
2025-12-10,25257,"16 Meadows Town Rd, Marshall",0,1,0,0
2025-12-10,27311,"34 Huffman Rd, Asheville",0,3,0,0
2025-12-10,27740,"23 Norman Rd, Fletcher",1,0,0,0
2025-12-10,30590,"4 Katra Ln, Asheville",1,0,0,0
2025-12-10,30591,"220 Meredith Loop, Swannanoa",2,0,0,0
2025-12-11,23533,"35 Mulberry St, Asheville",1,0,0,0
2025-12-11,23543,"70 Smith Graveyard Rd, Asheville",1,2,0,1
2025-12-11,27311,"34 Huffman Rd, Asheville",1,1,0,0
2025-12-11,28077,"9 Silent Pl, Asheville",1,0,0,0
2025-12-11,30340,"68 Maple St, Canton",2,0,0,0
2025-12-11,30590,"4 Katra Ln, Asheville",2,0,0,0
2025-12-11,30591,"220 Meredith Loop, Swannanoa",1,1,0,0
2025-12-12,23543,"70 Smith Graveyard Rd, Asheville",1,2,0,0
2025-12-12,25220,"30 Benedict Ln, Weaverville",1,0,0,0
2025-12-12,25264,"241 N Main St, Canton",1,0,0,0
2025-12-12,27311,"34 Huffman Rd, Asheville",1,1,0,0
2025-12-12,28077,"9 Silent Pl, Asheville",0,2,0,1
2025-12-12,29154,"474 Hague Dr, Columbus",1,0,0,0
2025-12-12,30590,"4 Katra Ln, Asheville",1,0,0,0
2025-12-13,23533,"35 Mulberry St, Asheville",1,0,0,0
2025-12-13,23539,"4 Meadows Town Rd, Marshall",1,0,0,0
2025-12-13,28077,"9 Silent Pl, Asheville",1,0,0,0
2025-12-13,30340,"68 Maple St, Canton",1,0,0,0
2025-12-14,23534,"3 Penley Ave #B, Asheville",1,0,0,0
2025-12-14,24254,"28 Bass Ln #1, Hendersonville",1,0,0,0
2025-12-14,27311,"34 Huffman Rd, Asheville",0,0,0,1
2025-12-14,28077,"9 Silent Pl, Asheville",1,0,0,0
2025-12-14,29154,"474 Hague Dr, Columbus",1,0,0,0
2025-12-14,29253,"86 Scott Meadows Dr, Asheville",1,0,0,0
2025-12-14,30590,"4 Katra Ln, Asheville",1,0,0,0
2025-12-15,23529,"12 Wood Rd, Arden",1,0,0,1
2025-12-15,23534,"3 Penley Ave #B, Asheville",2,0,0,0
2025-12-15,23543,"70 Smith Graveyard Rd, Asheville",1,0,0,0
2025-12-15,25264,"241 N Main St, Canton",1,0,0,0
2025-12-15,29253,"86 Scott Meadows Dr, Asheville",1,1,0,0
2025-12-15,30340,"68 Maple St, Canton",1,0,0,0
2025-12-16,25019,"11 Apple Meadow Ln, Alexander",0,1,0,0
2025-12-16,25264,"241 N Main St, Canton",1,0,0,0
2025-12-16,27311,"34 Huffman Rd, Asheville",1,1,0,0
2025-12-16,29201,"44 Rosemary Rd, Asheville",1,0,0,0
2025-12-16,30591,"220 Meredith Loop, Swannanoa",1,0,0,0
2025-12-16,31285,"90 Knob Hill Rd, Asheville",1,0,0,0
2025-12-17,23533,"35 Mulberry St, Asheville",3,0,0,0
2025-12-17,27311,"34 Huffman Rd, Asheville",0,0,0,1
2025-12-17,27740,"23 Norman Rd, Fletcher",1,0,0,0
2025-12-17,28077,"9 Silent Pl, Asheville",1,1,0,0
2025-12-17,29253,"86 Scott Meadows Dr, Asheville",1,1,0,0
2025-12-17,30591,"220 Meredith Loop, Swannanoa",0,1,0,0
2025-12-18,23529,"12 Wood Rd, Arden",1,0,0,0
2025-12-18,23533,"35 Mulberry St, Asheville",1,0,0,0
2025-12-18,23543,"70 Smith Graveyard Rd, Asheville",1,0,0,0
2025-12-18,25019,"11 Apple Meadow Ln, Alexander",1,0,0,0
2025-12-18,25264,"241 N Main St, Canton",0,1,0,0
2025-12-18,27311,"34 Huffman Rd, Asheville",1,0,0,0
2025-12-18,28077,"9 Silent Pl, Asheville",1,0,0,0
2025-12-19,23533,"35 Mulberry St, Asheville",0,1,0,0
2025-12-19,23534,"3 Penley Ave #B, Asheville",0,1,0,0
2025-12-19,23543,"70 Smith Graveyard Rd, Asheville",1,0,0,0
2025-12-19,25220,"30 Benedict Ln, Weaverville",1,0,0,0
2025-12-19,27740,"23 Norman Rd, Fletcher",1,0,0,0
2025-12-19,28077,"9 Silent Pl, Asheville",1,0,0,0
2025-12-19,29201,"44 Rosemary Rd, Asheville",1,0,0,0
2025-12-19,30590,"4 Katra Ln, Asheville",0,2,0,0
2025-12-19,31285,"90 Knob Hill Rd, Asheville",1,0,0,0
2025-12-19,32273,"4 Riddle Rd, Swannanoa",1,0,0,0
2025-12-20,27740,"23 Norman Rd, Fletcher",1,0,0,0
2025-12-20,28077,"9 Silent Pl, Asheville",1,0,0,0
2025-12-20,29201,"44 Rosemary Rd, Asheville",1,0,0,0
2025-12-20,29253,"86 Scott Meadows Dr, Asheville",1,0,0,0
2025-12-20,31285,"90 Knob Hill Rd, Asheville",1,0,0,0
2025-12-20,32273,"4 Riddle Rd, Swannanoa",1,0,0,0
2025-12-21,23533,"35 Mulberry St, Asheville",1,0,0,0
2025-12-21,31285,"90 Knob Hill Rd, Asheville",1,0,0,0
2025-12-21,32273,"4 Riddle Rd, Swannanoa",2,0,0,0
2025-12-22,23543,"70 Smith Graveyard Rd, Asheville",2,0,0,0
2025-12-22,29200,"114 Richmond Ave, Asheville",1,0,0,0
2025-12-22,29201,"44 Rosemary Rd, Asheville",2,0,0,0
2025-12-22,29253,"86 Scott Meadows Dr, Asheville",1,0,0,0
2025-12-22,30590,"4 Katra Ln, Asheville",1,0,0,0
2025-12-22,31285,"90 Knob Hill Rd, Asheville",0,1,0,0
2025-12-22,32273,"4 Riddle Rd, Swannanoa",0,1,0,0
2025-12-22,32550,"58 Long Winding Rd, Asheville",4,0,0,0
2025-12-23,23543,"70 Smith Graveyard Rd, Asheville",1,0,0,0
2025-12-23,25264,"241 N Main St, Canton",1,0,0,0
2025-12-23,27311,"34 Huffman Rd, Asheville",1,0,0,0
2025-12-23,29253,"86 Scott Meadows Dr, Asheville",1,1,0,0
2025-12-23,30591,"220 Meredith Loop, Swannanoa",1,0,0,0
2025-12-23,31285,"90 Knob Hill Rd, Asheville",1,0,0,0
2025-12-23,32273,"4 Riddle Rd, Swannanoa",0,0,0,1
2025-12-23,32550,"58 Long Winding Rd, Asheville",5,2,0,0
2025-12-24,30590,"4 Katra Ln, Asheville",1,0,0,0
2025-12-24,30591,"220 Meredith Loop, Swannanoa",1,0,0,0
2025-12-24,31285,"90 Knob Hill Rd, Asheville",1,0,0,0
2025-12-24,32550,"58 Long Winding Rd, Asheville",1,0,0,0
2025-12-24,32560,"18 Canterbury Rd, Asheville",1,0,0,0
2025-12-24,32588,"4 Lola Lilly Pl, Asheville",2,0,0,0
2025-12-25,23534,"3 Penley Ave #B, Asheville",1,0,0,0
2025-12-25,23543,"70 Smith Graveyard Rd, Asheville",1,0,0,0
2025-12-25,25264,"241 N Main St, Canton",1,0,0,0
2025-12-25,27740,"23 Norman Rd, Fletcher",1,0,0,0
2025-12-25,28077,"9 Silent Pl, Asheville",1,0,0,0
2025-12-25,29201,"44 Rosemary Rd, Asheville",2,0,0,0
2025-12-25,32550,"58 Long Winding Rd, Asheville",1,0,0,0
2025-12-26,23534,"3 Penley Ave #B, Asheville",0,1,0,0
2025-12-26,28077,"9 Silent Pl, Asheville",0,1,0,0
2025-12-26,29201,"44 Rosemary Rd, Asheville",0,1,0,0
2025-12-26,32273,"4 Riddle Rd, Swannanoa",0,1,0,0
2025-12-26,32550,"58 Long Winding Rd, Asheville",1,0,0,0
2025-12-26,32560,"18 Canterbury Rd, Asheville",1,1,0,0
2025-12-27,23543,"70 Smith Graveyard Rd, Asheville",1,0,0,0
2025-12-27,28077,"9 Silent Pl, Asheville",2,0,0,0
2025-12-27,29200,"114 Richmond Ave, Asheville",1,0,0,0
2025-12-27,29201,"44 Rosemary Rd, Asheville",1,0,0,0
2025-12-27,29253,"86 Scott Meadows Dr, Asheville",1,0,0,0
2025-12-27,30590,"4 Katra Ln, Asheville",1,1,0,0
2025-12-27,30591,"220 Meredith Loop, Swannanoa",1,0,0,0
2025-12-27,32273,"4 Riddle Rd, Swannanoa",1,0,0,0
2025-12-27,32550,"58 Long Winding Rd, Asheville",1,0,0,0
2025-12-28,23533,"35 Mulberry St, Asheville",1,0,0,0
2025-12-28,23543,"70 Smith Graveyard Rd, Asheville",1,0,0,0
2025-12-28,25220,"30 Benedict Ln, Weaverville",1,0,0,0
2025-12-28,29253,"86 Scott Meadows Dr, Asheville",1,0,0,0
2025-12-28,32550,"58 Long Winding Rd, Asheville",2,0,0,0
2025-12-29,23533,"35 Mulberry St, Asheville",1,0,0,0
2025-12-29,23534,"3 Penley Ave #B, Asheville",1,0,0,0
2025-12-29,23543,"70 Smith Graveyard Rd, Asheville",1,1,0,0
2025-12-29,25257,"16 Meadows Town Rd, Marshall",1,0,0,0
2025-12-29,25264,"241 N Main St, Canton",2,0,0,0
2025-12-29,27311,"34 Huffman Rd, Asheville",2,1,0,0
2025-12-29,27740,"23 Norman Rd, Fletcher",1,0,0,0
2025-12-29,29200,"114 Richmond Ave, Asheville",1,0,0,0
2025-12-29,29201,"44 Rosemary Rd, Asheville",1,2,0,1
2025-12-29,29253,"86 Scott Meadows Dr, Asheville",1,0,0,1
2025-12-29,30591,"220 Meredith Loop, Swannanoa",1,0,0,0
2025-12-29,31285,"90 Knob Hill Rd, Asheville",2,2,0,0
2025-12-29,32273,"4 Riddle Rd, Swannanoa",1,1,0,0
2025-12-29,32550,"58 Long Winding Rd, Asheville",4,2,0,0
2025-12-29,32560,"18 Canterbury Rd, Asheville",1,0,0,0
2025-12-29,32588,"4 Lola Lilly Pl, Asheville",0,1,0,2
2025-12-30,23533,"35 Mulberry St, Asheville",1,0,0,0
2025-12-30,23534,"3 Penley Ave #B, Asheville",1,0,0,0
2025-12-30,27311,"34 Huffman Rd, Asheville",1,0,0,0
2025-12-30,27740,"23 Norman Rd, Fletcher",0,1,0,0
2025-12-30,29201,"44 Rosemary Rd, Asheville",1,0,0,0
2025-12-30,29253,"86 Scott Meadows Dr, Asheville",0,1,0,0
2025-12-30,30590,"4 Katra Ln, Asheville",1,0,0,0
2025-12-30,30591,"220 Meredith Loop, Swannanoa",0,1,0,1
2025-12-30,31285,"90 Knob Hill Rd, Asheville",0,1,0,0
2025-12-30,32273,"4 Riddle Rd, Swannanoa",1,0,0,0
2025-12-30,32550,"58 Long Winding Rd, Asheville",2,2,0,0
2025-12-31,23534,"3 Penley Ave #B, Asheville",1,2,0,0
2025-12-31,23543,"70 Smith Graveyard Rd, Asheville",2,0,0,0
2025-12-31,25264,"241 N Main St, Canton",1,1,0,0
2025-12-31,29201,"44 Rosemary Rd, Asheville",0,0,0,1
2025-12-31,29253,"86 Scott Meadows Dr, Asheville",1,0,0,0
2025-12-31,30590,"4 Katra Ln, Asheville",1,0,0,0
2025-12-31,30591,"220 Meredith Loop, Swannanoa",1,0,0,0
2025-12-31,31285,"90 Knob Hill Rd, Asheville",1,0,0,0
2025-12-31,32550,"58 Long Winding Rd, Asheville",3,0,0,0
2026-01-01,27311,"34 Huffman Rd, Asheville",1,0,0,0
2026-01-01,30590,"4 Katra Ln, Asheville",2,0,0,0
2026-01-01,32560,"18 Canterbury Rd, Asheville",1,0,0,0
2026-01-02,23533,"35 Mulberry St, Asheville",1,0,0,0
2026-01-02,23534,"3 Penley Ave #B, Asheville",1,0,0,0
2026-01-02,25220,"30 Benedict Ln, Weaverville",2,0,0,0
2026-01-02,27311,"34 Huffman Rd, Asheville",0,3,0,0
2026-01-02,32550,"58 Long Winding Rd, Asheville",8,3,0,1
2026-01-02,32560,"18 Canterbury Rd, Asheville",0,1,0,0
2026-01-02,32588,"4 Lola Lilly Pl, Asheville",1,0,0,0
2026-01-03,27740,"23 Norman Rd, Fletcher",2,0,0,0
2026-01-03,29200,"114 Richmond Ave, Asheville",0,1,0,0
2026-01-03,29201,"44 Rosemary Rd, Asheville",1,0,0,0
2026-01-03,29253,"86 Scott Meadows Dr, Asheville",2,0,0,0
2026-01-03,32550,"58 Long Winding Rd, Asheville",0,0,0,1
2026-01-03,32560,"18 Canterbury Rd, Asheville",1,0,0,1
2026-01-03,32588,"4 Lola Lilly Pl, Asheville",1,0,0,0
2026-01-03,33590,"376 Hague Dr, Columbus",1,0,0,0
2026-01-04,23534,"3 Penley Ave #B, Asheville",2,0,0,0
2026-01-04,25019,"11 Apple Meadow Ln, Alexander",1,0,0,0
2026-01-04,25220,"30 Benedict Ln, Weaverville",1,0,0,0
2026-01-04,25257,"16 Meadows Town Rd, Marshall",1,0,0,0
2026-01-04,27311,"34 Huffman Rd, Asheville",1,0,0,0
2026-01-04,30590,"4 Katra Ln, Asheville",1,0,0,0
2026-01-04,30591,"220 Meredith Loop, Swannanoa",1,0,0,0
2026-01-04,32550,"58 Long Winding Rd, Asheville",3,0,0,0
2026-01-04,32588,"4 Lola Lilly Pl, Asheville",2,0,0,0
2026-01-04,33590,"376 Hague Dr, Columbus",1,0,0,0
2026-01-05,23533,"35 Mulberry St, Asheville",1,0,0,0
2026-01-05,23543,"70 Smith Graveyard Rd, Asheville",1,0,0,0
2026-01-05,25220,"30 Benedict Ln, Weaverville",0,1,0,0
2026-01-05,25264,"241 N Main St, Canton",1,0,0,0
2026-01-05,29253,"86 Scott Meadows Dr, Asheville",0,1,0,0
2026-01-05,30590,"4 Katra Ln, Asheville",1,0,0,0
2026-01-05,30591,"220 Meredith Loop, Swannanoa",1,0,0,0
2026-01-05,32550,"58 Long Winding Rd, Asheville",1,0,0,0
2026-01-05,32560,"18 Canterbury Rd, Asheville",3,0,0,0
2026-01-05,32588,"4 Lola Lilly Pl, Asheville",2,0,0,0
2026-01-06,23533,"35 Mulberry St, Asheville",1,0,0,0
2026-01-06,23534,"3 Penley Ave #B, Asheville",0,1,0,0
2026-01-06,23543,"70 Smith Graveyard Rd, Asheville",1,0,0,0
2026-01-06,25264,"241 N Main St, Canton",1,0,0,1
2026-01-06,27740,"23 Norman Rd, Fletcher",1,1,0,0
2026-01-06,29253,"86 Scott Meadows Dr, Asheville",2,1,0,0
2026-01-06,30340,"68 Maple St, Canton",2,0,0,0
2026-01-06,30591,"220 Meredith Loop, Swannanoa",1,0,0,0
2026-01-06,31285,"90 Knob Hill Rd, Asheville",1,0,0,0
2026-01-06,32550,"58 Long Winding Rd, Asheville",2,0,0,0
2026-01-06,32560,"18 Canterbury Rd, Asheville",1,0,0,1
2026-01-07,23534,"3 Penley Ave #B, Asheville",1,0,0,0
2026-01-07,27740,"23 Norman Rd, Fletcher",1,0,0,1
2026-01-07,29201,"44 Rosemary Rd, Asheville",1,0,0,1
2026-01-07,29253,"86 Scott Meadows Dr, Asheville",1,0,0,0
2026-01-07,30340,"68 Maple St, Canton",1,1,0,0
2026-01-07,30590,"4 Katra Ln, Asheville",0,1,0,0
2026-01-07,31285,"90 Knob Hill Rd, Asheville",1,0,0,0
2026-01-07,32550,"58 Long Winding Rd, Asheville",4,0,0,0
2026-01-07,33590,"376 Hague Dr, Columbus",4,0,0,0
2026-01-08,23533,"35 Mulberry St, Asheville",1,0,0,0
2026-01-08,27311,"34 Huffman Rd, Asheville",1,0,0,0
2026-01-08,27740,"23 Norman Rd, Fletcher",2,0,0,0
2026-01-08,32550,"58 Long Winding Rd, Asheville",4,0,0,0
2026-01-08,33590,"376 Hague Dr, Columbus",1,1,0,0
2026-01-08,34565,"71 Hillside St, Canton",4,0,0,0
2026-01-09,23533,"35 Mulberry St, Asheville",1,0,0,0
2026-01-09,23534,"3 Penley Ave #B, Asheville",1,1,0,1
2026-01-09,23543,"70 Smith Graveyard Rd, Asheville",1,0,0,0
2026-01-09,27311,"34 Huffman Rd, Asheville",0,1,0,0
2026-01-09,27740,"23 Norman Rd, Fletcher",2,1,0,0
2026-01-09,31285,"90 Knob Hill Rd, Asheville",2,0,0,0
2026-01-09,32560,"18 Canterbury Rd, Asheville",2,0,0,0
2026-01-09,33590,"376 Hague Dr, Columbus",1,1,0,0
2026-01-09,34565,"71 Hillside St, Canton",4,0,0,0
2026-01-10,23534,"3 Penley Ave #B, Asheville",2,0,0,0
2026-01-10,27740,"23 Norman Rd, Fletcher",1,0,0,0
2026-01-10,29201,"44 Rosemary Rd, Asheville",1,0,0,0
2026-01-10,30590,"4 Katra Ln, Asheville",2,0,0,0
2026-01-10,33590,"376 Hague Dr, Columbus",1,0,0,0
2026-01-10,34565,"71 Hillside St, Canton",3,0,0,0
2026-01-11,23533,"35 Mulberry St, Asheville",1,0,0,0
2026-01-11,23543,"70 Smith Graveyard Rd, Asheville",1,0,0,0
2026-01-11,27311,"34 Huffman Rd, Asheville",1,0,0,0
2026-01-11,30590,"4 Katra Ln, Asheville",1,0,0,0
2026-01-11,32560,"18 Canterbury Rd, Asheville",1,0,0,0
2026-01-11,33590,"376 Hague Dr, Columbus",1,0,0,0
2026-01-11,34565,"71 Hillside St, Canton",1,0,0,0
2026-01-12,23533,"35 Mulberry St, Asheville",1,0,0,0
2026-01-12,23543,"70 Smith Graveyard Rd, Asheville",1,0,0,0
2026-01-12,27311,"34 Huffman Rd, Asheville",1,0,0,0
2026-01-12,30340,"68 Maple St, Canton",1,0,0,0
2026-01-12,31285,"90 Knob Hill Rd, Asheville",0,1,0,1
2026-01-12,34565,"71 Hillside St, Canton",1,0,0,0
2026-01-13,23543,"70 Smith Graveyard Rd, Asheville",1,0,0,0
2026-01-13,25019,"11 Apple Meadow Ln, Alexander",0,1,0,0
2026-01-13,25220,"30 Benedict Ln, Weaverville",1,0,0,0
2026-01-13,25264,"241 N Main St, Canton",1,0,0,0
2026-01-13,27740,"23 Norman Rd, Fletcher",0,1,0,1
2026-01-13,29201,"44 Rosemary Rd, Asheville",1,0,0,0
2026-01-13,30590,"4 Katra Ln, Asheville",0,1,0,0
2026-01-13,32560,"18 Canterbury Rd, Asheville",1,0,0,0
2026-01-13,33590,"376 Hague Dr, Columbus",3,0,0,0
2026-01-13,34565,"71 Hillside St, Canton",4,0,0,0
2026-01-14,23533,"35 Mulberry St, Asheville",1,0,0,0
2026-01-14,23534,"3 Penley Ave #B, Asheville",2,0,0,0
2026-01-14,23543,"70 Smith Graveyard Rd, Asheville",0,1,0,0
2026-01-14,25264,"241 N Main St, Canton",1,0,0,0
2026-01-14,27311,"34 Huffman Rd, Asheville",3,1,0,0
2026-01-14,29201,"44 Rosemary Rd, Asheville",1,0,0,0
2026-01-14,30590,"4 Katra Ln, Asheville",3,1,0,0
2026-01-14,32560,"18 Canterbury Rd, Asheville",0,1,0,0
2026-01-14,34565,"71 Hillside St, Canton",2,0,0,0
2026-01-14,35294,"61 Scates St, Waynesville",1,0,0,0
2026-01-15,23533,"35 Mulberry St, Asheville",0,1,0,0
2026-01-15,23543,"70 Smith Graveyard Rd, Asheville",2,0,0,0
2026-01-15,25220,"30 Benedict Ln, Weaverville",1,0,0,0
2026-01-15,25264,"241 N Main St, Canton",2,0,0,0
2026-01-15,27740,"23 Norman Rd, Fletcher",1,0,0,0
2026-01-15,29201,"44 Rosemary Rd, Asheville",0,2,0,1
2026-01-15,30340,"68 Maple St, Canton",1,0,0,0
2026-01-15,33590,"376 Hague Dr, Columbus",2,0,0,0
2026-01-15,34565,"71 Hillside St, Canton",3,0,0,0
2026-01-15,35294,"61 Scates St, Waynesville",6,0,0,0
2026-01-15,35296,"25 Amys Way, Black Mountain",1,0,0,0
2026-01-15,35584,"16 Hyde Park Pl, Arden",1,0,0,0
2026-01-15,35600,"26 Reid St, Marion",1,0,0,0
2026-01-16,23533,"35 Mulberry St, Asheville",0,1,0,0
2026-01-16,25220,"30 Benedict Ln, Weaverville",1,0,0,0
2026-01-16,27311,"34 Huffman Rd, Asheville",3,0,0,0
2026-01-16,27740,"23 Norman Rd, Fletcher",2,1,0,0
2026-01-16,33590,"376 Hague Dr, Columbus",1,0,0,0
2026-01-16,34565,"240 Hillside St, Canton",3,3,0,0
2026-01-16,35294,"61 Scates St, Waynesville",3,0,0,0
2026-01-16,35584,"16 Hyde Park Pl, Arden",2,0,0,0
2026-01-16,35600,"26 Reid St, Marion",6,0,0,0
2026-01-16,35645,"510 Deaverview Rd, Asheville",2,0,0,0
2026-01-17,25019,"11 Apple Meadow Ln, Alexander",1,0,0,0
2026-01-17,27311,"34 Huffman Rd, Asheville",0,1,0,0
2026-01-17,27740,"23 Norman Rd, Fletcher",1,0,0,0
2026-01-17,30340,"68 Maple St, Canton",2,0,0,0
2026-01-17,30590,"4 Katra Ln, Asheville",2,0,0,0
2026-01-17,31285,"90 Knob Hill Rd, Asheville",0,1,0,0
2026-01-17,33590,"376 Hague Dr, Columbus",0,1,0,0
2026-01-17,34565,"240 Hillside St, Canton",1,0,0,0
2026-01-17,35294,"61 Scates St, Waynesville",3,0,0,0
2026-01-17,35296,"25 Amys Way, Black Mountain",2,1,0,1
2026-01-17,35584,"16 Hyde Park Pl, Arden",2,0,0,0
2026-01-17,35600,"26 Reid St, Marion",2,0,0,0
2026-01-17,35645,"510 Deaverview Rd, Asheville",2,0,0,0
2026-01-17,35821,"326 New Salem Rd, Swannanoa",2,0,0,0
2026-01-18,23534,"3 Penley Ave #B, Asheville",1,0,0,0
2026-01-18,27311,"34 Huffman Rd, Asheville",1,0,0,0
2026-01-18,34565,"240 Hillside St, Canton",4,0,0,0
2026-01-18,35294,"61 Scates St, Waynesville",2,0,0,0
2026-01-18,35296,"25 Amys Way, Black Mountain",2,0,0,0
2026-01-18,35600,"26 Reid St, Marion",3,0,0,0
2026-01-18,35821,"326 New Salem Rd, Swannanoa",2,0,0,0
2026-01-19,23534,"3 Penley Ave #B, Asheville",2,1,0,0
2026-01-19,25019,"11 Apple Meadow Ln, Alexander",1,0,0,0
2026-01-19,29200,"114 Richmond Ave, Asheville",1,1,0,0
2026-01-19,29201,"44 Rosemary Rd, Asheville",1,0,0,1
2026-01-19,30340,"68 Maple St, Canton",1,1,0,0
2026-01-19,30590,"4 Katra Ln, Asheville",3,0,0,0
2026-01-19,33590,"376 Hague Dr, Columbus",1,0,0,0
2026-01-19,34565,"240 Hillside St, Canton",2,0,0,0
2026-01-19,35294,"61 Scates St, Waynesville",3,2,0,0
2026-01-19,35296,"25 Amys Way, Black Mountain",2,0,0,0
2026-01-19,35584,"16 Hyde Park Pl, Arden",2,0,0,0
2026-01-19,35600,"26 Reid St, Marion",3,0,0,0
2026-01-19,35645,"510 Deaverview Rd, Asheville",1,1,0,0
2026-01-20,23534,"3 Penley Ave #B, Asheville",1,2,0,0
2026-01-20,25019,"11 Apple Meadow Ln, Alexander",0,0,0,1
2026-01-20,29201,"44 Rosemary Rd, Asheville",1,0,0,0
2026-01-20,30590,"4 Katra Ln, Asheville",1,1,0,0
2026-01-20,31285,"90 Knob Hill Rd, Asheville",2,0,0,0
2026-01-20,32560,"18 Canterbury Rd, Asheville",1,0,0,0
2026-01-20,34565,"240 Hillside St, Canton",1,2,0,0
2026-01-20,35294,"61 Scates St, Waynesville",1,0,0,0
2026-01-20,35600,"26 Reid St, Marion",2,0,0,0
2026-01-20,35821,"326 New Salem Rd, Swannanoa",0,1,0,0
2026-01-21,23533,"35 Mulberry St, Asheville",2,0,0,0
2026-01-21,25220,"30 Benedict Ln, Weaverville",1,0,0,0
2026-01-21,29200,"114 Richmond Ave, Asheville",1,0,0,0
2026-01-21,33590,"376 Hague Dr, Columbus",1,0,0,0
2026-01-21,34565,"240 Hillside St, Canton",2,0,0,0
2026-01-21,35294,"61 Scates St, Waynesville",1,3,0,1
2026-01-21,35600,"26 Reid St, Marion",1,0,0,0
2026-01-21,35821,"326 New Salem Rd, Swannanoa",1,0,0,0
2026-01-22,27740,"23 Norman Rd, Fletcher",0,1,0,0
2026-01-22,35294,"61 Scates St, Waynesville",3,0,0,0
2026-01-22,35584,"16 Hyde Park Pl, Arden",1,0,0,0
2026-01-23,23533,"35 Mulberry St, Asheville",1,0,0,0
2026-01-23,27740,"23 Norman Rd, Fletcher",1,0,0,0
2026-01-23,30340,"68 Maple St, Canton",1,0,0,0
2026-01-23,30590,"4 Katra Ln, Asheville",1,0,0,0
2026-01-23,33590,"376 Hague Dr, Columbus",0,1,0,0
2026-01-23,34565,"240 Hillside St, Canton",0,1,0,0
2026-01-23,35600,"26 Reid St, Marion",1,0,0,0
2026-01-24,27740,"23 Norman Rd, Fletcher",1,0,0,0
2026-01-24,31285,"90 Knob Hill Rd, Asheville",1,0,0,0
2026-01-24,35584,"16 Hyde Park Pl, Arden",1,0,0,0
2026-01-24,35600,"26 Reid St, Marion",1,0,0,0
2026-01-24,35821,"326 New Salem Rd, Swannanoa",1,0,0,0
2026-01-25,23534,"3 Penley Ave #B, Asheville",1,0,0,0
2026-01-25,27740,"23 Norman Rd, Fletcher",1,0,0,0
2026-01-25,29200,"114 Richmond Ave, Asheville",2,0,0,0
2026-01-25,34565,"240 Hillside St, Canton",1,0,0,0
2026-01-25,35600,"26 Reid St, Marion",1,0,0,0
2026-01-26,23534,"3 Penley Ave #B, Asheville",1,0,0,0
2026-01-26,32560,"18 Canterbury Rd, Asheville",1,0,0,0
2026-01-26,33590,"376 Hague Dr, Columbus",0,0,0,2
2026-01-26,34565,"240 Hillside St, Canton",1,0,0,0
2026-01-26,35294,"61 Scates St, Waynesville",2,0,0,0
2026-01-26,35600,"26 Reid St, Marion",2,0,0,0
2026-01-27,25220,"30 Benedict Ln, Weaverville",1,0,0,0
2026-01-27,30590,"4 Katra Ln, Asheville",1,0,0,0
2026-01-27,31285,"90 Knob Hill Rd, Asheville",2,0,0,0
2026-01-27,33590,"376 Hague Dr, Columbus",3,0,0,0
2026-01-27,35294,"61 Scates St, Waynesville",3,1,0,0
2026-01-27,35600,"26 Reid St, Marion",2,0,0,0
2026-01-28,23533,"35 Mulberry St, Asheville",1,0,0,0
2026-01-28,23534,"3 Penley Ave #B, Asheville",1,0,0,0
2026-01-28,30340,"68 Maple St, Canton",1,0,0,0
2026-01-28,33590,"376 Hague Dr, Columbus",1,0,0,0
2026-01-28,35294,"61 Scates St, Waynesville",2,0,0,0
2026-01-28,35600,"26 Reid St, Marion",2,0,0,0
2026-01-28,35645,"510 Deaverview Rd, Asheville",1,0,0,0
2026-01-28,35821,"326 New Salem Rd, Swannanoa",1,0,0,0
2026-01-29,23533,"35 Mulberry St, Asheville",1,0,0,0
2026-01-29,30340,"68 Maple St, Canton",1,0,0,0
2026-01-29,32560,"18 Canterbury Rd, Asheville",1,0,0,0
2026-01-29,33590,"376 Hague Dr, Columbus",0,1,0,1
2026-01-29,34565,"240 Hillside St, Canton",2,0,0,0
2026-01-29,35294,"61 Scates St, Waynesville",2,0,0,0
2026-01-30,23533,"35 Mulberry St, Asheville",2,0,0,0
2026-01-30,23534,"3 Penley Ave #B, Asheville",1,0,0,0
2026-01-30,25220,"30 Benedict Ln, Weaverville",0,1,0,0
2026-01-30,29200,"114 Richmond Ave, Asheville",0,2,0,0
2026-01-30,30340,"68 Maple St, Canton",2,0,0,0
2026-01-30,30590,"4 Katra Ln, Asheville",1,0,0,0
2026-01-30,33590,"376 Hague Dr, Columbus",1,0,0,1
2026-01-30,39211,"59 Scates St, Waynesville",1,0,0,0
2026-01-31,23534,"3 Penley Ave #B, Asheville",2,0,0,0
2026-01-31,30340,"68 Maple St, Canton",0,1,0,0
2026-01-31,39211,"59 Scates St, Waynesville",2,0,0,0
2026-02-01,25220,"30 Benedict Ln, Weaverville",1,0,0,0
2026-02-01,27740,"23 Norman Rd, Fletcher",2,0,0,0
2026-02-01,30590,"4 Katra Ln, Asheville",3,0,0,0
2026-02-01,32560,"18 Canterbury Rd, Asheville",2,0,0,0
2026-02-01,35600,"26 Reid St, Marion",1,0,0,0
2026-02-01,35821,"326 New Salem Rd, Swannanoa",2,0,0,0
2026-02-01,39211,"59 Scates St, Waynesville",3,0,0,0
2026-02-01,39488,"2383 Dutch Cove Rd #3, Canton",1,0,0,0
2026-02-02,25220,"30 Benedict Ln, Weaverville",1,0,0,0
2026-02-02,27740,"23 Norman Rd, Fletcher",1,0,0,0
2026-02-02,31285,"90 Knob Hill Rd, Asheville",1,0,0,0
2026-02-02,32560,"18 Canterbury Rd, Asheville",2,0,0,0
2026-02-02,35584,"16 Hyde Park Pl, Arden",1,0,0,1
2026-02-02,35600,"26 Reid St, Marion",1,0,0,0
2026-02-02,39485,"78 Old Oak Hill Rd, Candler",3,0,0,0
2026-02-02,39488,"2383 Dutch Cove Rd #3, Canton",1,0,0,0
2026-02-03,23533,"35 Mulberry St, Asheville",1,0,0,0
2026-02-03,25220,"30 Benedict Ln, Weaverville",5,0,0,0
2026-02-03,33590,"376 Hague Dr, Columbus",1,0,0,0
2026-02-03,35600,"26 Reid St, Marion",1,0,0,0
2026-02-03,39211,"59 Scates St, Waynesville",1,0,0,0
2026-02-03,39485,"78 Old Oak Hill Rd, Candler",1,0,0,0
2026-02-03,39486,"2383 Dutch Cove Rd #1, Canton",1,0,0,0
2026-02-03,39487,"2383 Dutch Cove Rd #2, Canton",1,0,0,0
2026-02-03,39488,"2383 Dutch Cove Rd #3, Canton",3,0,0,0
2026-02-04,23533,"35 Mulberry St, Asheville",1,0,0,0
2026-02-04,25220,"30 Benedict Ln, Weaverville",1,1,0,0
2026-02-04,27740,"23 Norman Rd, Fletcher",1,0,0,0
2026-02-04,32560,"18 Canterbury Rd, Asheville",0,1,0,0
2026-02-04,33590,"376 Hague Dr, Columbus",1,0,0,0
2026-02-04,34565,"240 Hillside St, Canton",0,0,0,1
2026-02-04,39485,"78 Old Oak Hill Rd, Candler",2,0,0,0
2026-02-04,39488,"2383 Dutch Cove Rd #3, Canton",1,0,0,0
2026-02-05,23533,"35 Mulberry St, Asheville",1,0,0,0
2026-02-05,25220,"30 Benedict Ln, Weaverville",2,0,0,0
2026-02-05,30590,"4 Katra Ln, Asheville",1,0,0,0
2026-02-05,32560,"18 Canterbury Rd, Asheville",0,0,0,1
2026-02-05,35600,"26 Reid St, Marion",1,0,0,0
2026-02-05,39211,"59 Scates St, Waynesville",4,0,0,1
2026-02-05,39485,"78 Old Oak Hill Rd, Candler",1,0,0,0
2026-02-05,39488,"2383 Dutch Cove Rd #3, Canton",1,0,0,0
2026-02-06,23533,"35 Mulberry St, Asheville",1,0,0,0
2026-02-06,25220,"30 Benedict Ln, Weaverville",1,2,0,0
2026-02-06,27740,"23 Norman Rd, Fletcher",0,2,0,0
2026-02-06,29200,"114 Richmond Ave, Asheville",2,0,0,0
2026-02-06,30340,"68 Maple St, Canton",2,0,0,0
2026-02-06,34565,"240 Hillside St, Canton",0,1,0,0
2026-02-06,39211,"59 Scates St, Waynesville",0,1,0,1
2026-02-07,23533,"35 Mulberry St, Asheville",2,0,0,0
2026-02-07,25220,"30 Benedict Ln, Weaverville",1,0,0,0
2026-02-07,27740,"23 Norman Rd, Fletcher",1,1,0,0
2026-02-07,30340,"68 Maple St, Canton",0,1,0,0
2026-02-07,31285,"90 Knob Hill Rd, Asheville",1,0,0,0
2026-02-07,34565,"240 Hillside St, Canton",0,1,0,0
2026-02-07,34711,"240 Ridgeview Ln, Mars Hill",1,0,0,0
2026-02-07,35600,"26 Reid St, Marion",1,0,0,0
2026-02-07,39211,"59 Scates St, Waynesville",2,0,0,0
2026-02-07,39488,"2383 Dutch Cove Rd #3, Canton",0,1,0,0
2026-02-08,23533,"35 Mulberry St, Asheville",1,0,0,0
2026-02-08,25220,"30 Benedict Ln, Weaverville",1,0,0,0
2026-02-08,39211,"59 Scates St, Waynesville",4,0,0,0
2026-02-08,39485,"78 Old Oak Hill Rd, Candler",1,0,0,0
2026-02-09,23533,"35 Mulberry St, Asheville",0,1,0,0
2026-02-09,23534,"3 Penley Ave #B, Asheville",1,0,0,0
2026-02-09,30590,"4 Katra Ln, Asheville",1,0,0,0
2026-02-09,34565,"240 Hillside St, Canton",1,0,0,0
2026-02-09,35600,"26 Reid St, Marion",1,2,0,0
2026-02-09,35645,"510 Deaverview Rd, Asheville",0,1,0,0
2026-02-09,35821,"326 New Salem Rd, Swannanoa",1,0,0,0
2026-02-09,39211,"59 Scates St, Waynesville",3,0,0,0
2026-02-09,39485,"78 Old Oak Hill Rd, Candler",2,0,0,0
2026-02-10,23533,"35 Mulberry St, Asheville",1,0,0,0
2026-02-10,25220,"30 Benedict Ln, Weaverville",1,0,0,0
2026-02-10,27740,"23 Norman Rd, Fletcher",1,0,0,0
2026-02-10,30590,"4 Katra Ln, Asheville",0,1,0,0
2026-02-10,31285,"90 Knob Hill Rd, Asheville",2,0,0,0
2026-02-10,34565,"240 Hillside St, Canton",1,0,0,0
2026-02-10,35584,"16 Hyde Park Pl, Arden",1,0,0,0
2026-02-10,35600,"26 Reid St, Marion",1,0,0,0
2026-02-10,37191,"588 Ray Hill Rd #D, Mills River",1,0,0,0
2026-02-10,39211,"59 Scates St, Waynesville",2,1,0,0
2026-02-10,39324,"20 Angler Trl, Asheville",1,0,0,0
2026-02-10,39485,"78 Old Oak Hill Rd, Candler",1,0,0,0
2026-02-10,39488,"2383 Dutch Cove Rd #3, Canton",1,0,0,0
2026-02-11,23533,"35 Mulberry St, Asheville",1,0,0,0
2026-02-11,25220,"30 Benedict Ln, Weaverville",2,1,0,0
2026-02-11,27740,"23 Norman Rd, Fletcher",1,0,0,0
2026-02-11,30340,"68 Maple St, Canton",1,0,0,0
2026-02-11,30590,"4 Katra Ln, Asheville",3,0,0,0
2026-02-11,31285,"90 Knob Hill Rd, Asheville",0,1,0,0
2026-02-11,35600,"26 Reid St, Marion",1,0,0,0
2026-02-11,39211,"59 Scates St, Waynesville",2,0,0,1
2026-02-11,39324,"20 Angler Trl, Asheville",0,1,0,0
2026-02-11,39485,"78 Old Oak Hill Rd, Candler",2,0,0,0
2026-02-11,39488,"2383 Dutch Cove Rd #3, Canton",1,0,0,0
2026-02-12,23533,"35 Mulberry St, Asheville",1,0,0,0
2026-02-12,31285,"90 Knob Hill Rd, Asheville",3,0,0,0
2026-02-12,35600,"26 Reid St, Marion",1,0,0,0
2026-02-12,35821,"326 New Salem Rd, Swannanoa",1,0,0,0
2026-02-12,39324,"20 Angler Trl, Asheville",1,0,0,1
2026-02-12,41328,"303 Tarheel Dr, Waynesville",1,0,0,0
2026-02-13,23533,"35 Mulberry St, Asheville",2,0,0,0
2026-02-13,23534,"3 Penley Ave #B, Asheville",1,0,0,0
2026-02-13,30590,"4 Katra Ln, Asheville",1,0,0,0
2026-02-13,34565,"240 Hillside St, Canton",4,0,0,0
2026-02-13,35584,"16 Hyde Park Pl, Arden",0,1,0,0
2026-02-13,35600,"26 Reid St, Marion",1,0,0,0
2026-02-13,39211,"59 Scates St, Waynesville",2,0,0,0
2026-02-13,39324,"20 Angler Trl, Asheville",0,1,0,0
2026-02-13,39485,"78 Old Oak Hill Rd, Candler",1,0,0,0
2026-02-13,39487,"2383 Dutch Cove Rd #2, Canton",1,0,0,0
2026-02-13,39488,"2383 Dutch Cove Rd #3, Canton",1,0,0,0
2026-02-13,41328,"303 Tarheel Dr, Waynesville",4,0,0,0
2026-02-13,41612,"118 Pine Hill Dr #2, Swannanoa",1,0,0,0
2026-02-14,23533,"35 Mulberry St, Asheville",0,0,0,1
2026-02-14,34565,"240 Hillside St, Canton",2,0,0,0
2026-02-14,34711,"240 Ridgeview Ln, Mars Hill",1,0,0,0
2026-02-14,39324,"20 Angler Trl, Asheville",1,0,0,0
2026-02-14,39485,"78 Old Oak Hill Rd, Candler",1,0,0,0
2026-02-14,41328,"303 Tarheel Dr, Waynesville",1,0,0,0
2026-02-14,41612,"118 Pine Hill Dr #2, Swannanoa",1,0,0,0
2026-02-15,25220,"30 Benedict Ln, Weaverville",1,0,0,0
2026-02-15,27740,"23 Norman Rd, Fletcher",1,0,0,0
2026-02-15,30340,"68 Maple St, Canton",1,0,0,0
2026-02-15,31285,"90 Knob Hill Rd, Asheville",2,0,0,0
2026-02-15,39485,"78 Old Oak Hill Rd, Candler",1,0,0,0
2026-02-15,41328,"303 Tarheel Dr, Waynesville",2,0,0,1
2026-02-16,23533,"35 Mulberry St, Asheville",1,0,0,0
2026-02-16,29200,"114 Richmond Ave, Asheville",1,0,0,0
2026-02-16,30340,"68 Maple St, Canton",0,1,0,0
2026-02-16,30590,"4 Katra Ln, Asheville",2,0,0,0
2026-02-16,34565,"240 Hillside St, Canton",1,0,0,0
2026-02-16,39211,"59 Scates St, Waynesville",1,0,0,0
2026-02-16,39485,"78 Old Oak Hill Rd, Candler",2,0,0,0
2026-02-16,41328,"303 Tarheel Dr, Waynesville",1,0,0,0
2026-02-16,41612,"118 Pine Hill Dr #2, Swannanoa",1,0,0,0
2026-02-16,41795,"442 Wickins Dr, Hendersonville",7,0,0,0
2026-02-17,23533,"35 Mulberry St, Asheville",0,1,0,1
2026-02-17,23534,"3 Penley Ave #B, Asheville",1,0,0,0
2026-02-17,27740,"23 Norman Rd, Fletcher",1,0,0,0
2026-02-17,30590,"4 Katra Ln, Asheville",2,0,0,0
2026-02-17,31285,"90 Knob Hill Rd, Asheville",2,0,0,0
2026-02-17,34565,"240 Hillside St, Canton",5,0,0,0
2026-02-17,35821,"326 New Salem Rd, Swannanoa",1,0,0,0
2026-02-17,39211,"59 Scates St, Waynesville",3,0,0,0
2026-02-17,39324,"20 Angler Trl, Asheville",1,0,0,0
2026-02-17,39485,"78 Old Oak Hill Rd, Candler",6,0,0,0
2026-02-17,39488,"2383 Dutch Cove Rd #3, Canton",2,0,0,0
2026-02-17,41328,"303 Tarheel Dr, Waynesville",2,0,0,0
2026-02-17,41612,"118 Pine Hill Dr #2, Swannanoa",1,0,0,0
2026-02-17,41795,"442 Wickins Dr, Hendersonville",3,1,0,0
2026-02-18,23534,"3 Penley Ave #B, Asheville",1,0,0,0
2026-02-18,30590,"4 Katra Ln, Asheville",1,0,0,0
2026-02-18,31285,"90 Knob Hill Rd, Asheville",0,0,0,1
2026-02-18,32560,"18 Canterbury Rd, Asheville",1,0,0,0
2026-02-18,34565,"240 Hillside St, Canton",1,0,0,0
2026-02-18,35584,"16 Hyde Park Pl, Arden",1,0,0,1
2026-02-18,35600,"26 Reid St, Marion",1,0,0,0
2026-02-18,35821,"326 New Salem Rd, Swannanoa",1,0,0,0
2026-02-18,39211,"59 Scates St, Waynesville",1,0,0,0
2026-02-18,39485,"78 Old Oak Hill Rd, Candler",1,0,0,0
2026-02-18,41612,"118 Pine Hill Dr #2, Swannanoa",2,0,0,0
2026-02-18,41795,"442 Wickins Dr, Hendersonville",4,0,0,1
2026-02-19,23533,"35 Mulberry St, Asheville",3,0,0,0
2026-02-19,23534,"3 Penley Ave #B, Asheville",0,1,0,0
2026-02-19,27740,"23 Norman Rd, Fletcher",0,1,0,0
2026-02-19,32560,"18 Canterbury Rd, Asheville",1,0,0,0
2026-02-19,34565,"240 Hillside St, Canton",1,1,0,0
2026-02-19,35584,"16 Hyde Park Pl, Arden",2,0,0,0
2026-02-19,35600,"26 Reid St, Marion",1,0,0,0
2026-02-19,35821,"326 New Salem Rd, Swannanoa",3,0,0,0
2026-02-19,39485,"78 Old Oak Hill Rd, Candler",1,0,0,0
2026-02-19,41328,"303 Tarheel Dr, Waynesville",1,0,0,0
2026-02-19,41612,"118 Pine Hill Dr #2, Swannanoa",1,0,0,0
2026-02-19,41795,"442 Wickins Dr, Hendersonville",1,0,0,0
2026-02-20,23533,"35 Mulberry St, Asheville",1,0,0,0
2026-02-20,27740,"23 Norman Rd, Fletcher",1,1,0,1
2026-02-20,29200,"114 Richmond Ave, Asheville",0,1,0,0
2026-02-20,30340,"68 Maple St, Canton",1,0,0,2
2026-02-20,31285,"90 Knob Hill Rd, Asheville",0,1,0,0
2026-02-20,32560,"18 Canterbury Rd, Asheville",1,0,0,0
2026-02-20,34565,"240 Hillside St, Canton",2,0,0,0
2026-02-20,35584,"16 Hyde Park Pl, Arden",1,0,0,0
2026-02-20,35600,"26 Reid St, Marion",2,0,0,0
2026-02-20,35821,"326 New Salem Rd, Swannanoa",3,2,0,1
2026-02-20,39324,"20 Angler Trl, Asheville",1,0,0,0
2026-02-20,39485,"78 Old Oak Hill Rd, Candler",1,0,0,0
2026-02-20,41612,"118 Pine Hill Dr #2, Swannanoa",2,0,0,0
2026-02-20,41795,"442 Wickins Dr, Hendersonville",1,0,0,0
2026-02-21,29200,"114 Richmond Ave, Asheville",1,0,0,0
2026-02-21,31285,"90 Knob Hill Rd, Asheville",2,0,0,0
2026-02-21,34565,"240 Hillside St, Canton",2,0,0,0
2026-02-21,34711,"240 Ridgeview Ln, Mars Hill",0,1,0,0
2026-02-21,35600,"26 Reid St, Marion",1,1,0,0
2026-02-21,35821,"326 New Salem Rd, Swannanoa",1,0,0,0
2026-02-21,39324,"20 Angler Trl, Asheville",0,1,0,0
2026-02-21,39488,"2383 Dutch Cove Rd #3, Canton",1,0,0,0
2026-02-21,41612,"118 Pine Hill Dr #2, Swannanoa",2,0,0,0
2026-02-21,41795,"442 Wickins Dr, Hendersonville",1,0,0,0
2026-02-21,42833,"460 Nc-208 Hwy, Marshall",2,0,0,0
2026-02-22,27740,"23 Norman Rd, Fletcher",2,0,0,0
2026-02-22,30340,"68 Maple St, Canton",1,0,0,0
2026-02-22,34565,"240 Hillside St, Canton",2,0,0,0
2026-02-22,35600,"26 Reid St, Marion",3,0,0,0
2026-02-22,35821,"326 New Salem Rd, Swannanoa",1,0,0,0
2026-02-22,39485,"78 Old Oak Hill Rd, Candler",2,0,0,0
2026-02-22,39488,"2383 Dutch Cove Rd #3, Canton",1,0,0,0
2026-02-22,41795,"442 Wickins Dr, Hendersonville",3,0,0,0
2026-02-22,43015,"35 E Silverleaf Dr, Hendersonville",1,0,0,1
2026-02-23,30340,"68 Maple St, Canton",1,0,0,0
2026-02-23,32560,"18 Canterbury Rd, Asheville",1,0,0,0
2026-02-23,35600,"26 Reid St, Marion",3,0,0,0
2026-02-23,39324,"20 Angler Trl, Asheville",0,1,0,0
2026-02-23,39485,"78 Old Oak Hill Rd, Candler",2,3,0,0
2026-02-23,41612,"118 Pine Hill Dr #2, Swannanoa",1,0,0,0
2026-02-23,42833,"460 Nc-208 Hwy, Marshall",3,0,0,0
2026-02-23,43015,"35 E Silverleaf Dr, Hendersonville",1,0,0,0
2026-02-24,23533,"35 Mulberry St, Asheville",1,0,0,0
2026-02-24,27740,"23 Norman Rd, Fletcher",2,0,0,0
2026-02-24,31285,"90 Knob Hill Rd, Asheville",1,1,0,0
2026-02-24,34565,"240 Hillside St, Canton",3,1,0,0
2026-02-24,35600,"26 Reid St, Marion",2,0,0,0
2026-02-24,35821,"326 New Salem Rd, Swannanoa",3,1,0,0
2026-02-24,39324,"20 Angler Trl, Asheville",0,0,0,1
2026-02-24,41612,"118 Pine Hill Dr #2, Swannanoa",0,2,0,1
2026-02-24,42833,"460 Nc-208 Hwy, Marshall",3,0,0,0
2026-02-24,43015,"35 E Silverleaf Dr, Hendersonville",1,0,0,0
2026-02-25,23533,"35 Mulberry St, Asheville",2,0,0,0
2026-02-25,27740,"23 Norman Rd, Fletcher",3,0,0,0
2026-02-25,29200,"114 Richmond Ave, Asheville",1,0,0,0
2026-02-25,30340,"68 Maple St, Canton",0,1,0,0
2026-02-25,31285,"90 Knob Hill Rd, Asheville",1,0,0,0
2026-02-25,32560,"18 Canterbury Rd, Asheville",1,0,0,0
2026-02-25,37191,"588 Ray Hill Rd #D, Mills River",1,0,0,0
2026-02-25,41795,"442 Wickins Dr, Hendersonville",2,1,0,0
2026-02-25,42833,"460 Nc-208 Hwy, Marshall",1,0,0,0
2026-02-25,43015,"35 E Silverleaf Dr, Hendersonville",3,0,0,0
2026-02-26,31285,"90 Knob Hill Rd, Asheville",1,0,0,1
2026-02-26,34565,"240 Hillside St, Canton",2,0,0,0
2026-02-26,35645,"510 Deaverview Rd, Asheville",1,0,0,0
2026-02-26,35821,"326 New Salem Rd, Swannanoa",0,1,0,0
2026-02-26,39485,"78 Old Oak Hill Rd, Candler",1,0,0,0
2026-02-26,41612,"118 Pine Hill Dr #2, Swannanoa",1,0,0,0
2026-02-26,41795,"442 Wickins Dr, Hendersonville",2,0,0,0
2026-02-26,43015,"35 E Silverleaf Dr, Hendersonville",1,0,0,0
2026-02-27,23534,"3 Penley Ave #B, Asheville",1,0,0,0
2026-02-27,29200,"114 Richmond Ave, Asheville",1,0,0,0
2026-02-27,30340,"68 Maple St, Canton",0,1,0,0
2026-02-27,34565,"240 Hillside St, Canton",2,0,0,0
2026-02-27,35600,"26 Reid St, Marion",3,1,0,0
2026-02-27,35821,"326 New Salem Rd, Swannanoa",1,0,0,0
2026-02-27,39485,"78 Old Oak Hill Rd, Candler",1,0,0,0
2026-02-27,39486,"2383 Dutch Cove Rd #1, Canton",1,0,0,0
2026-02-27,39488,"2383 Dutch Cove Rd #3, Canton",1,0,0,0
2026-02-27,41612,"118 Pine Hill Dr #2, Swannanoa",1,0,0,0
2026-02-27,41795,"442 Wickins Dr, Hendersonville",1,1,0,0
2026-02-28,29200,"114 Richmond Ave, Asheville",1,0,0,0
2026-02-28,30340,"68 Maple St, Canton",1,0,0,0
2026-02-28,31285,"90 Knob Hill Rd, Asheville",2,0,0,0
2026-02-28,32560,"18 Canterbury Rd, Asheville",2,0,0,0
2026-02-28,34565,"240 Hillside St, Canton",2,0,0,0
2026-02-28,35821,"326 New Salem Rd, Swannanoa",1,0,0,0
2026-02-28,37191,"588 Ray Hill Rd #D, Mills River",1,0,0,0
2026-02-28,39485,"78 Old Oak Hill Rd, Candler",1,0,0,0
2026-02-28,41795,"442 Wickins Dr, Hendersonville",1,0,0,0
2026-03-01,30340,"68 Maple St, Canton",1,0,0,0
2026-03-01,32560,"18 Canterbury Rd, Asheville",1,0,0,0
2026-03-01,34565,"240 Hillside St, Canton",1,0,0,0
2026-03-01,37191,"588 Ray Hill Rd #D, Mills River",1,0,0,0
2026-03-01,39485,"78 Old Oak Hill Rd, Candler",1,0,0,0
2026-03-01,43015,"35 E Silverleaf Dr, Hendersonville",1,0,0,0
2026-03-02,31285,"90 Knob Hill Rd, Asheville",0,2,0,0
2026-03-02,32560,"18 Canterbury Rd, Asheville",0,2,0,0
2026-03-02,35600,"26 Reid St, Marion",1,0,0,0
2026-03-02,35821,"326 New Salem Rd, Swannanoa",1,0,0,0
2026-03-02,39485,"78 Old Oak Hill Rd, Candler",1,0,0,0
2026-03-02,41612,"118 Pine Hill Dr #2, Swannanoa",1,0,0,0
2026-03-02,41795,"442 Wickins Dr, Hendersonville",2,0,0,0
2026-03-02,42833,"460 Nc-208 Hwy, Marshall",1,0,0,1
2026-03-02,43015,"35 E Silverleaf Dr, Hendersonville",1,0,0,0
2026-03-03,29200,"114 Richmond Ave, Asheville",0,1,0,0
2026-03-03,30340,"68 Maple St, Canton",2,0,0,0
2026-03-03,31285,"90 Knob Hill Rd, Asheville",1,0,0,0
2026-03-03,34565,"240 Hillside St, Canton",4,2,0,1
2026-03-03,35584,"16 Hyde Park Pl, Arden",1,0,0,0
2026-03-03,35645,"510 Deaverview Rd, Asheville",0,1,0,0
2026-03-03,35821,"326 New Salem Rd, Swannanoa",1,0,0,0
2026-03-03,37191,"588 Ray Hill Rd #D, Mills River",1,0,0,0
2026-03-03,39324,"20 Angler Trl, Asheville",2,0,0,0
2026-03-03,39485,"78 Old Oak Hill Rd, Candler",0,1,0,0
2026-03-03,41612,"118 Pine Hill Dr #2, Swannanoa",1,0,0,0
2026-03-03,41795,"442 Wickins Dr, Hendersonville",2,0,0,0
2026-03-03,42833,"460 Nc-208 Hwy, Marshall",1,0,0,0
2026-03-03,43015,"35 E Silverleaf Dr, Hendersonville",1,1,0,0
2026-03-04,23534,"3 Penley Ave #B, Asheville",2,0,0,0
2026-03-04,29200,"114 Richmond Ave, Asheville",1,0,0,0
2026-03-04,30340,"68 Maple St, Canton",2,0,0,0
2026-03-04,31285,"90 Knob Hill Rd, Asheville",1,0,0,0
2026-03-04,34565,"240 Hillside St, Canton",1,0,0,0
2026-03-04,35600,"26 Reid St, Marion",1,0,0,0
2026-03-04,35821,"326 New Salem Rd, Swannanoa",0,1,0,0
2026-03-04,37191,"588 Ray Hill Rd #D, Mills River",1,0,0,0
2026-03-04,39485,"78 Old Oak Hill Rd, Candler",2,2,0,0
2026-03-04,39488,"2383 Dutch Cove Rd #3, Canton",1,0,0,0
2026-03-04,41612,"118 Pine Hill Dr #2, Swannanoa",1,0,0,0
2026-03-04,41795,"442 Wickins Dr, Hendersonville",2,0,0,0
2026-03-04,42833,"460 Nc-208 Hwy, Marshall",2,0,0,0
2026-03-05,29200,"114 Richmond Ave, Asheville",2,0,0,0
2026-03-05,30340,"68 Maple St, Canton",1,1,0,0
2026-03-05,31285,"90 Knob Hill Rd, Asheville",1,1,0,0
2026-03-05,34565,"240 Hillside St, Canton",0,1,0,0
2026-03-05,35600,"26 Reid St, Marion",1,0,0,0
2026-03-05,35821,"326 New Salem Rd, Swannanoa",2,1,0,0
2026-03-05,39488,"2383 Dutch Cove Rd #3, Canton",1,0,0,0
2026-03-05,41612,"118 Pine Hill Dr #2, Swannanoa",2,1,0,0
2026-03-05,43015,"35 E Silverleaf Dr, Hendersonville",1,0,0,0
2026-03-06,30340,"68 Maple St, Canton",2,0,0,0
2026-03-06,31285,"90 Knob Hill Rd, Asheville",1,0,0,0
2026-03-06,34565,"240 Hillside St, Canton",3,0,0,0
2026-03-06,35600,"26 Reid St, Marion",1,2,0,0
2026-03-06,35821,"326 New Salem Rd, Swannanoa",1,0,0,0
2026-03-06,37191,"588 Ray Hill Rd #D, Mills River",1,0,0,0
2026-03-06,39485,"78 Old Oak Hill Rd, Candler",1,0,0,0
2026-03-06,39488,"2383 Dutch Cove Rd #3, Canton",1,0,0,0
2026-03-06,41612,"118 Pine Hill Dr #2, Swannanoa",1,0,0,0
2026-03-06,42833,"460 Nc-208 Hwy, Marshall",1,1,0,0
2026-03-07,31285,"90 Knob Hill Rd, Asheville",1,0,0,0
2026-03-07,32560,"18 Canterbury Rd, Asheville",1,0,0,0
2026-03-07,34565,"240 Hillside St, Canton",1,0,0,1
2026-03-07,35584,"16 Hyde Park Pl, Arden",1,0,0,0
2026-03-07,37191,"588 Ray Hill Rd #D, Mills River",1,0,0,0
2026-03-07,39324,"20 Angler Trl, Asheville",0,1,0,0
2026-03-07,39485,"78 Old Oak Hill Rd, Candler",2,0,0,0
2026-03-07,41612,"118 Pine Hill Dr #2, Swannanoa",1,0,0,0
2026-03-07,41795,"442 Wickins Dr, Hendersonville",1,0,0,0
2026-03-07,43015,"35 E Silverleaf Dr, Hendersonville",2,0,0,0
2026-03-08,30340,"68 Maple St, Canton",1,0,0,0
2026-03-08,31285,"90 Knob Hill Rd, Asheville",3,0,0,0
2026-03-08,32560,"18 Canterbury Rd, Asheville",1,0,0,0
2026-03-08,35584,"16 Hyde Park Pl, Arden",2,0,0,0
2026-03-08,35821,"326 New Salem Rd, Swannanoa",1,0,0,0
2026-03-08,39324,"20 Angler Trl, Asheville",1,0,0,0
2026-03-08,39485,"78 Old Oak Hill Rd, Candler",2,0,0,0
2026-03-08,41795,"442 Wickins Dr, Hendersonville",1,0,0,0
2026-03-08,42833,"460 Nc-208 Hwy, Marshall",1,0,0,0
2026-03-08,43015,"35 E Silverleaf Dr, Hendersonville",1,0,0,0
2026-03-09,23534,"3 Penley Ave #B, Asheville",0,1,0,1
2026-03-09,29200,"114 Richmond Ave, Asheville",1,0,0,0
2026-03-09,30340,"68 Maple St, Canton",1,1,0,0
2026-03-09,31285,"90 Knob Hill Rd, Asheville",2,0,0,0
2026-03-09,34565,"240 Hillside St, Canton",3,0,0,0
2026-03-09,35584,"16 Hyde Park Pl, Arden",2,0,0,0
2026-03-09,35600,"26 Reid St, Marion",2,0,0,0
2026-03-09,35821,"326 New Salem Rd, Swannanoa",1,0,0,0
2026-03-09,37191,"588 Ray Hill Rd #D, Mills River",2,1,0,0
2026-03-09,39485,"78 Old Oak Hill Rd, Candler",5,0,0,0
2026-03-09,39488,"2383 Dutch Cove Rd #3, Canton",1,0,0,0
2026-03-09,41795,"442 Wickins Dr, Hendersonville",1,0,0,0
2026-03-09,43015,"35 E Silverleaf Dr, Hendersonville",3,1,0,0
2026-03-09,45514,"110 Deaver Park Circle, Asheville",2,0,0,0
2026-03-09,45515,"11 Rhudy Road, Asheville",3,0,0,0
2026-03-10,30340,"68 Maple St, Canton",4,1,0,0
2026-03-10,31285,"90 Knob Hill Rd, Asheville",1,0,0,0
2026-03-10,34565,"240 Hillside St, Canton",2,0,0,0
2026-03-10,35600,"26 Reid St, Marion",2,0,0,0
2026-03-10,35821,"326 New Salem Rd, Swannanoa",0,1,0,0
2026-03-10,39324,"20 Angler Trl, Asheville",0,0,0,1
2026-03-10,39488,"2383 Dutch Cove Rd #3, Canton",1,0,0,0
2026-03-10,41795,"442 Wickins Dr, Hendersonville",2,0,0,0
2026-03-10,43015,"35 E Silverleaf Dr, Hendersonville",0,1,0,1
2026-03-10,45514,"110 Deaver Park Circle, Asheville",1,0,0,0
2026-03-10,45515,"11 Rhudy Road, Asheville",3,0,0,0
2026-03-10,45711,"510 Deaverview Road, Asheville",1,0,0,0
2026-03-11,29200,"114 Richmond Ave, Asheville",0,1,0,0
2026-03-11,30340,"68 Maple St, Canton",4,0,0,0
2026-03-11,31285,"90 Knob Hill Rd, Asheville",2,1,0,0
2026-03-11,35584,"16 Hyde Park Pl, Arden",1,0,0,0
2026-03-11,35821,"326 New Salem Rd, Swannanoa",0,0,0,1
2026-03-11,39324,"20 Angler Trl, Asheville",2,0,0,0
2026-03-11,39485,"78 Old Oak Hill Rd, Candler",3,0,0,0
2026-03-11,41612,"118 Pine Hill Dr #2, Swannanoa",2,0,0,0
2026-03-11,43015,"35 E Silverleaf Dr, Hendersonville",1,0,0,0
2026-03-11,45236,"575 Country Oak Drive, Asheville",1,0,0,0
2026-03-12,29200,"114 Richmond Ave, Asheville",0,0,0,1
2026-03-12,30340,"68 Maple St, Canton",3,0,0,0
2026-03-12,35584,"16 Hyde Park Pl, Arden",1,0,0,0
2026-03-12,35600,"26 Reid St, Marion",3,0,0,0
2026-03-12,35821,"326 New Salem Rd, Swannanoa",1,0,0,0
2026-03-12,37191,"588 Ray Hill Rd #D, Mills River",1,0,0,0
2026-03-12,39485,"78 Old Oak Hill Rd, Candler",0,1,0,0
2026-03-12,41612,"118 Pine Hill Dr #2, Swannanoa",1,0,0,0
2026-03-12,43015,"35 E Silverleaf Dr, Hendersonville",1,0,0,0
2026-03-12,45514,"110 Deaver Park Circle, Asheville",1,0,0,0
2026-03-12,45515,"11 Rhudy Road, Asheville",2,0,0,0
2026-03-13,29200,"114 Richmond Ave, Asheville",1,0,0,0
2026-03-13,32560,"18 Canterbury Rd, Asheville",0,1,0,0
2026-03-13,35584,"16 Hyde Park Pl, Arden",2,1,0,0
2026-03-13,35600,"26 Reid St, Marion",1,0,0,0
2026-03-13,35821,"326 New Salem Rd, Swannanoa",1,0,0,0
2026-03-13,39485,"78 Old Oak Hill Rd, Candler",1,0,0,0
2026-03-13,39488,"2383 Dutch Cove Rd #3, Canton",1,1,0,0
2026-03-13,41612,"118 Pine Hill Dr #2, Swannanoa",1,0,0,0
2026-03-13,41795,"442 Wickins Dr, Hendersonville",3,1,0,0
2026-03-13,43015,"35 E Silverleaf Dr, Hendersonville",1,1,0,1
2026-03-13,45514,"110 Deaver Park Circle, Asheville",0,0,0,1
2026-03-13,45515,"11 Rhudy Road, Asheville",0,2,0,1
2026-03-14,35600,"26 Reid St, Marion",1,0,0,0
2026-03-14,35821,"326 New Salem Rd, Swannanoa",1,0,0,0
2026-03-14,39485,"78 Old Oak Hill Rd, Candler",3,0,0,1
2026-03-14,41795,"442 Wickins Dr, Hendersonville",1,0,0,0
2026-03-14,43015,"35 E Silverleaf Dr, Hendersonville",1,0,0,0
2026-03-14,45236,"575 Country Oak Drive, Asheville",1,0,0,0
2026-03-14,46487,"131 Moody Avenue, Candler",1,0,0,0
2026-03-15,23534,"3 Penley Ave #B, Asheville",1,0,0,0
2026-03-15,35600,"26 Reid St, Marion",1,0,0,0
2026-03-15,35821,"326 New Salem Rd, Swannanoa",1,0,0,0
2026-03-15,39485,"78 Old Oak Hill Rd, Candler",2,0,0,0
2026-03-15,41795,"442 Wickins Dr, Hendersonville",1,0,0,0
2026-03-15,43015,"35 E Silverleaf Dr, Hendersonville",1,0,0,0
2026-03-15,45514,"110 Deaver Park Circle, Asheville",1,0,0,0
2026-03-15,46487,"131 Moody Avenue, Candler",1,0,0,0
2026-03-16,30340,"68 Maple St, Canton",1,0,0,0
2026-03-16,35600,"26 Reid St, Marion",1,0,0,0
2026-03-16,35821,"326 New Salem Rd, Swannanoa",2,0,0,0
2026-03-16,39485,"78 Old Oak Hill Rd, Candler",1,0,0,0
2026-03-16,39488,"2383 Dutch Cove Rd #3, Canton",1,0,0,0
2026-03-16,41795,"442 Wickins Dr, Hendersonville",1,1,0,0
2026-03-16,45236,"575 Country Oak Drive, Asheville",2,0,0,0
2026-03-16,45515,"11 Rhudy Road, Asheville",1,0,0,0
2026-03-16,46487,"131 Moody Avenue, Candler",3,0,0,0
2026-03-17,23534,"3 Penley Ave #B, Asheville",1,0,0,0
2026-03-17,29200,"114 Richmond Ave, Asheville",3,1,0,0
2026-03-17,32560,"18 Canterbury Rd, Asheville",1,0,0,0
2026-03-17,35584,"16 Hyde Park Pl, Arden",0,1,0,0
2026-03-17,35600,"26 Reid St, Marion",1,2,0,0
2026-03-17,35821,"326 New Salem Rd, Swannanoa",2,1,0,0
2026-03-17,37191,"588 Ray Hill Rd #D, Mills River",1,0,0,0
2026-03-17,39485,"78 Old Oak Hill Rd, Candler",1,2,0,0
2026-03-17,39486,"2383 Dutch Cove Rd #1, Canton",1,0,0,0
2026-03-17,39487,"2383 Dutch Cove Rd #2, Canton",1,0,0,0
2026-03-17,39488,"2383 Dutch Cove Rd #3, Canton",2,0,0,0
2026-03-17,41795,"442 Wickins Dr, Hendersonville",1,0,0,0
2026-03-17,45236,"575 Country Oak Drive, Asheville",0,1,0,0
2026-03-17,45515,"11 Rhudy Road, Asheville",1,0,0,0
2026-03-17,45711,"510 Deaverview Road, Asheville",2,0,0,0
2026-03-17,46487,"131 Moody Avenue, Candler",1,0,0,0
2026-03-18,35584,"16 Hyde Park Pl, Arden",2,0,0,0
2026-03-18,35600,"26 Reid St, Marion",2,0,0,0
2026-03-18,35821,"326 New Salem Rd, Swannanoa",1,0,0,1
2026-03-18,37191,"588 Ray Hill Rd #D, Mills River",1,0,0,0
2026-03-18,39485,"78 Old Oak Hill Rd, Candler",2,0,0,0
2026-03-18,41795,"442 Wickins Dr, Hendersonville",1,0,0,0
2026-03-18,45236,"575 Country Oak Drive, Asheville",1,0,0,0
2026-03-18,45514,"110 Deaver Park Circle, Asheville",1,0,0,0
2026-03-18,45515,"11 Rhudy Road, Asheville",0,1,0,0
2026-03-19,23534,"3 Penley Ave #B, Asheville",2,0,0,0
2026-03-19,35584,"16 Hyde Park Pl, Arden",2,0,0,0
2026-03-19,35600,"26 Reid St, Marion",2,0,0,0
2026-03-19,35821,"326 New Salem Rd, Swannanoa",3,1,0,0
2026-03-19,39485,"78 Old Oak Hill Rd, Candler",1,0,0,0
2026-03-19,41795,"442 Wickins Dr, Hendersonville",2,0,0,0
2026-03-19,45515,"11 Rhudy Road, Asheville",2,0,0,0
2026-03-19,45711,"510 Deaverview Road, Asheville",1,0,0,0
2026-03-20,23534,"3 Penley Ave #B, Asheville",1,0,0,0
2026-03-20,30340,"68 Maple St, Canton",0,1,0,0
2026-03-20,32560,"18 Canterbury Rd, Asheville",0,1,0,0
2026-03-20,34565,"240 Hillside St, Canton",1,0,0,0
2026-03-20,35584,"16 Hyde Park Pl, Arden",2,0,0,0
2026-03-20,35821,"326 New Salem Rd, Swannanoa",3,2,0,0
2026-03-20,39488,"2383 Dutch Cove Rd #3, Canton",1,0,0,0
2026-03-20,41795,"442 Wickins Dr, Hendersonville",1,0,0,0
2026-03-20,45236,"575 Country Oak Drive, Asheville",2,0,0,0
2026-03-20,45515,"11 Rhudy Road, Asheville",2,2,0,1
2026-03-21,23534,"3 Penley Ave #B, Asheville",1,0,0,0
2026-03-21,32560,"18 Canterbury Rd, Asheville",1,0,0,0
2026-03-21,35584,"16 Hyde Park Pl, Arden",2,0,0,0
2026-03-21,35821,"326 New Salem Rd, Swannanoa",3,0,0,0
2026-03-21,37191,"588 Ray Hill Rd #D, Mills River",1,0,0,0
2026-03-21,39488,"2383 Dutch Cove Rd #3, Canton",1,0,0,0
2026-03-21,41795,"442 Wickins Dr, Hendersonville",1,0,0,0
2026-03-21,45236,"575 Country Oak Drive, Asheville",2,0,0,0
2026-03-22,29200,"114 Richmond Ave, Asheville",1,0,0,0
2026-03-22,30340,"68 Maple St, Canton",1,0,0,0
2026-03-22,35584,"16 Hyde Park Pl, Arden",1,0,0,0
2026-03-22,35821,"326 New Salem Rd, Swannanoa",1,0,0,0
2026-03-22,45236,"575 Country Oak Drive, Asheville",3,0,0,0
2026-03-22,45711,"510 Deaverview Road, Asheville",1,0,0,0
2026-03-23,30340,"68 Maple St, Canton",2,0,0,0
2026-03-23,32560,"18 Canterbury Rd, Asheville",1,0,0,0
2026-03-23,35584,"16 Hyde Park Pl, Arden",0,1,0,0
2026-03-23,35600,"26 Reid St, Marion",2,0,0,0
2026-03-23,35821,"326 New Salem Rd, Swannanoa",1,0,0,0
2026-03-23,39485,"78 Old Oak Hill Rd, Candler",2,0,0,0
2026-03-23,39488,"2383 Dutch Cove Rd #3, Canton",1,0,0,0
2026-03-23,41795,"442 Wickins Dr, Hendersonville",1,0,0,0
2026-03-23,45236,"575 Country Oak Drive, Asheville",0,1,0,0
2026-03-23,45515,"11 Rhudy Road, Asheville",1,0,0,0
2026-03-24,30340,"68 Maple St, Canton",1,0,0,0
2026-03-24,35584,"16 Hyde Park Pl, Arden",0,3,0,0
2026-03-24,35600,"26 Reid St, Marion",2,0,0,0
2026-03-24,35821,"326 New Salem Rd, Swannanoa",2,0,0,0
2026-03-24,39485,"78 Old Oak Hill Rd, Candler",1,0,0,1
2026-03-24,39486,"2383 Dutch Cove Rd #1, Canton",1,0,0,0
2026-03-24,41795,"442 Wickins Dr, Hendersonville",2,0,0,0
2026-03-24,45236,"575 Country Oak Drive, Asheville",2,2,0,1
2026-03-25,30340,"68 Maple St, Canton",2,0,0,0
2026-03-25,32560,"18 Canterbury Rd, Asheville",2,0,0,0
2026-03-25,34711,"240 Ridgeview Ln, Mars Hill",1,0,0,0
2026-03-25,35584,"16 Hyde Park Pl, Arden",2,0,0,0
2026-03-25,35600,"26 Reid St, Marion",1,0,0,0
2026-03-25,35821,"326 New Salem Rd, Swannanoa",2,0,0,0
2026-03-25,39485,"78 Old Oak Hill Rd, Candler",3,0,0,0
2026-03-25,39488,"2383 Dutch Cove Rd #3, Canton",1,0,0,0
2026-03-25,45236,"575 Country Oak Drive, Asheville",1,0,0,0
2026-03-25,45515,"11 Rhudy Road, Asheville",1,0,0,0
2026-03-25,47189,"6 Dogwood Court #B, Asheville",1,0,0,0
2026-03-26,30340,"68 Maple St, Canton",0,1,0,1
2026-03-26,32560,"18 Canterbury Rd, Asheville",1,0,0,0
2026-03-26,35584,"16 Hyde Park Pl, Arden",0,0,0,1
2026-03-26,35600,"26 Reid St, Marion",1,0,0,0
2026-03-26,37191,"588 Ray Hill Rd #D, Mills River",1,0,0,0
2026-03-26,39485,"78 Old Oak Hill Rd, Candler",2,0,0,0
2026-03-26,39488,"2383 Dutch Cove Rd #3, Canton",1,1,0,1
2026-03-26,41795,"442 Wickins Dr, Hendersonville",1,0,0,0
2026-03-26,45236,"575 Country Oak Drive, Asheville",1,0,0,0
2026-03-26,45515,"11 Rhudy Road, Asheville",2,0,0,0
2026-03-26,48486,"16 Fortunate Drive #B, Asheville",1,0,0,0
2026-03-27,29200,"114 Richmond Ave, Asheville",0,1,0,0
2026-03-27,30340,"68 Maple St, Canton",1,0,0,0
2026-03-27,32560,"18 Canterbury Rd, Asheville",1,0,0,0
2026-03-27,34711,"240 Ridgeview Ln, Mars Hill",1,0,0,0
2026-03-27,35584,"16 Hyde Park Pl, Arden",1,0,0,0
2026-03-27,35600,"26 Reid St, Marion",1,1,0,0
2026-03-27,39485,"78 Old Oak Hill Rd, Candler",1,0,0,0
2026-03-27,45236,"575 Country Oak Drive, Asheville",1,0,0,0
2026-03-27,45711,"510 Deaverview Road, Asheville",1,0,0,0
2026-03-27,48486,"16 Fortunate Drive #B, Asheville",1,0,0,0
2026-03-28,35600,"26 Reid St, Marion",1,0,0,0
2026-03-28,37191,"588 Ray Hill Rd #D, Mills River",0,0,0,1
2026-03-28,39485,"78 Old Oak Hill Rd, Candler",1,0,0,0
2026-03-28,45236,"575 Country Oak Drive, Asheville",1,0,0,0
2026-03-29,30340,"68 Maple St, Canton",1,0,0,0
2026-03-29,32560,"18 Canterbury Rd, Asheville",1,0,0,0
2026-03-29,35584,"16 Hyde Park Pl, Arden",1,0,0,0
2026-03-29,39488,"2383 Dutch Cove Rd #3, Canton",1,0,0,0
2026-03-29,48993,"12 Riddle Road, Swannanoa",2,0,0,0
2026-03-30,29200,"114 Richmond Ave, Asheville",1,0,0,0
2026-03-30,32560,"18 Canterbury Rd, Asheville",5,0,0,0
2026-03-30,34711,"240 Ridgeview Ln, Mars Hill",0,1,0,0
2026-03-30,35584,"16 Hyde Park Pl, Arden",2,0,0,0
2026-03-30,35600,"26 Reid St, Marion",2,0,0,0
2026-03-30,39488,"2383 Dutch Cove Rd #3, Canton",1,0,0,0
2026-03-30,45236,"575 Country Oak Drive, Asheville",1,0,0,0
2026-03-30,46487,"131 Moody Avenue, Candler",1,0,0,0
2026-03-31,23534,"3 Penley Ave #B, Asheville",1,0,0,0
2026-03-31,29200,"114 Richmond Ave, Asheville",1,0,0,0
2026-03-31,32560,"18 Canterbury Rd, Asheville",0,2,0,0
2026-03-31,34711,"240 Ridgeview Ln, Mars Hill",1,0,0,0
2026-03-31,35584,"16 Hyde Park Pl, Arden",0,1,0,0
2026-03-31,35600,"26 Reid St, Marion",2,3,0,0
2026-03-31,39488,"2383 Dutch Cove Rd #3, Canton",3,0,0,0
2026-03-31,45236,"575 Country Oak Drive, Asheville",2,0,0,0
2026-03-31,46487,"131 Moody Avenue, Candler",1,0,0,0
2026-04-01,30340,"68 Maple St, Canton",1,0,0,0
2026-04-01,32560,"18 Canterbury Rd, Asheville",2,0,0,0
2026-04-01,34711,"240 Ridgeview Ln, Mars Hill",1,0,0,0
2026-04-01,35584,"16 Hyde Park Pl, Arden",1,0,0,0
2026-04-01,35600,"26 Reid St, Marion",1,0,0,0
2026-04-01,35821,"326 New Salem Rd, Swannanoa",1,0,0,0
2026-04-01,39485,"78 Old Oak Hill Rd, Candler",0,1,0,0
2026-04-01,39488,"2383 Dutch Cove Rd #3, Canton",1,0,0,0
2026-04-01,45236,"575 Country Oak Drive, Asheville",1,0,0,0
2026-04-01,48993,"12 Riddle Road, Swannanoa",0,1,0,0
2026-04-02,35584,"16 Hyde Park Pl, Arden",1,0,0,0
2026-04-02,35600,"26 Reid St, Marion",1,0,0,0
2026-04-02,45236,"575 Country Oak Drive, Asheville",1,0,0,0
2026-04-02,48486,"16 Fortunate Drive #B, Asheville",1,0,0,0
2026-04-02,48993,"12 Riddle Road, Swannanoa",1,0,0,0
2026-04-03,23534,"3 Penley Ave #B, Asheville",1,0,0,0
2026-04-03,29200,"114 Richmond Ave, Asheville",1,1,0,0
2026-04-03,30340,"68 Maple St, Canton",1,0,0,0
2026-04-03,32560,"18 Canterbury Rd, Asheville",1,1,0,0
2026-04-03,35600,"26 Reid St, Marion",4,0,0,0
2026-04-03,37191,"588 Ray Hill Rd #D, Mills River",1,0,0,0
2026-04-03,39488,"2383 Dutch Cove Rd #3, Canton",1,0,0,0
2026-04-03,45236,"575 Country Oak Drive, Asheville",1,1,0,0
2026-04-03,48486,"16 Fortunate Drive #B, Asheville",1,0,0,0
2026-04-03,48993,"12 Riddle Road, Swannanoa",0,0,0,1
2026-04-04,30340,"68 Maple St, Canton",1,0,0,0
2026-04-04,32560,"18 Canterbury Rd, Asheville",2,0,0,0
2026-04-04,35600,"26 Reid St, Marion",1,0,0,0
2026-04-04,39487,"2383 Dutch Cove Rd #2, Canton",1,0,0,0
2026-04-04,45236,"575 Country Oak Drive, Asheville",1,0,0,0
2026-04-04,45711,"510 Deaverview Road, Asheville",1,0,0,0
2026-04-04,48993,"12 Riddle Road, Swannanoa",1,0,0,0
2026-04-05,30340,"68 Maple St, Canton",2,0,0,0
2026-04-05,37191,"588 Ray Hill Rd #D, Mills River",1,0,0,0
2026-04-05,39486,"2383 Dutch Cove Rd #1, Canton",1,0,0,0
2026-04-05,39488,"2383 Dutch Cove Rd #3, Canton",1,0,0,0
2026-04-06,23534,"3 Penley Ave #B, Asheville",1,0,0,0
2026-04-06,30340,"68 Maple St, Canton",0,1,0,0
2026-04-06,32560,"18 Canterbury Rd, Asheville",1,0,0,0
2026-04-06,35600,"26 Reid St, Marion",2,0,0,0
2026-04-06,39487,"2383 Dutch Cove Rd #2, Canton",1,0,0,0
2026-04-06,39488,"2383 Dutch Cove Rd #3, Canton",2,0,0,0
2026-04-06,45236,"575 Country Oak Drive, Asheville",1,0,0,0
2026-04-06,48993,"12 Riddle Road, Swannanoa",1,0,0,0
2026-04-07,23534,"3 Penley Ave #B, Asheville",1,0,0,0
2026-04-07,30340,"68 Maple St, Canton",1,0,0,0
2026-04-07,32560,"18 Canterbury Rd, Asheville",2,0,0,0
2026-04-07,39487,"2383 Dutch Cove Rd #2, Canton",1,0,0,0
2026-04-07,39488,"2383 Dutch Cove Rd #3, Canton",1,0,0,0
2026-04-07,45236,"575 Country Oak Drive, Asheville",1,0,0,0
2026-04-07,48486,"16 Fortunate Drive #B, Asheville",0,1,0,0
2026-04-07,48993,"12 Riddle Road, Swannanoa",1,0,0,0
2026-04-07,50582,"131 Tanner Trail, Waynesville",2,0,0,0
2026-04-08,29200,"114 Richmond Ave, Asheville",1,0,0,0
2026-04-08,32560,"18 Canterbury Rd, Asheville",1,2,0,0
2026-04-08,35600,"26 Reid St, Marion",3,0,0,0
2026-04-08,39488,"2383 Dutch Cove Rd #3, Canton",1,0,0,0
2026-04-08,45236,"575 Country Oak Drive, Asheville",2,0,0,0
2026-04-08,46487,"131 Moody Avenue, Candler",0,1,0,1
2026-04-08,48486,"16 Fortunate Drive #B, Asheville",1,0,0,0
2026-04-08,48993,"12 Riddle Road, Swannanoa",0,1,0,0
2026-04-08,50582,"131 Tanner Trail, Waynesville",4,0,0,0
2026-04-09,30340,"68 Maple St, Canton",1,0,0,0
2026-04-09,34711,"240 Ridgeview Ln, Mars Hill",1,0,0,0
2026-04-09,35600,"26 Reid St, Marion",0,0,0,2
2026-04-09,39486,"2383 Dutch Cove Rd #1, Canton",1,0,0,0
2026-04-09,39488,"2383 Dutch Cove Rd #3, Canton",1,0,0,0
2026-04-09,45236,"575 Country Oak Drive, Asheville",3,0,0,0
2026-04-09,48993,"12 Riddle Road, Swannanoa",2,0,0,1
2026-04-09,50582,"131 Tanner Trail, Waynesville",1,0,0,0
2026-04-10,29200,"114 Richmond Ave, Asheville",0,1,0,0
2026-04-10,30340,"68 Maple St, Canton",1,1,0,0
2026-04-10,32560,"18 Canterbury Rd, Asheville",0,0,0,1
2026-04-10,35600,"26 Reid St, Marion",1,0,0,0
2026-04-10,39488,"2383 Dutch Cove Rd #3, Canton",1,1,0,0
2026-04-10,45236,"575 Country Oak Drive, Asheville",0,2,0,0
2026-04-10,47189,"6 Dogwood Court #B, Asheville",1,0,0,0
2026-04-10,50582,"131 Tanner Trail, Waynesville",0,2,0,0
2026-04-11,32560,"18 Canterbury Rd, Asheville",1,0,0,0
2026-04-11,35600,"26 Reid St, Marion",1,0,0,0
2026-04-11,45236,"575 Country Oak Drive, Asheville",1,0,0,0
2026-04-11,48993,"12 Riddle Road, Swannanoa",1,0,0,0
2026-04-12,23534,"3 Penley Ave #B, Asheville",1,0,0,0
2026-04-12,30340,"68 Maple St, Canton",1,0,0,0
2026-04-12,35600,"26 Reid St, Marion",1,0,0,0
2026-04-12,45236,"575 Country Oak Drive, Asheville",1,0,0,0
2026-04-12,48993,"12 Riddle Road, Swannanoa",1,0,0,0
2026-04-13,30340,"68 Maple St, Canton",1,1,0,0
2026-04-13,32560,"18 Canterbury Rd, Asheville",2,0,0,0
2026-04-13,34711,"240 Ridgeview Ln, Mars Hill",1,0,0,0
2026-04-13,45236,"575 Country Oak Drive, Asheville",2,0,0,0
2026-04-13,50582,"131 Tanner Trail, Waynesville",1,0,0,0
2026-04-14,23534,"3 Penley Ave #B, Asheville",1,0,0,0
2026-04-14,29200,"114 Richmond Ave, Asheville",1,0,0,0
2026-04-14,30340,"68 Maple St, Canton",0,0,0,1
2026-04-14,35600,"26 Reid St, Marion",3,1,0,0
2026-04-14,39488,"2383 Dutch Cove Rd #3, Canton",4,0,0,1
2026-04-14,45236,"575 Country Oak Drive, Asheville",1,0,0,0
2026-04-15,23534,"3 Penley Ave #B, Asheville",1,0,0,0
2026-04-15,29200,"114 Richmond Ave, Asheville",3,0,0,0
2026-04-15,30340,"68 Maple St, Canton",1,0,0,0
2026-04-15,32560,"18 Canterbury Rd, Asheville",2,0,0,0
2026-04-15,34711,"240 Ridgeview Ln, Mars Hill",1,1,0,0
2026-04-15,45236,"575 Country Oak Drive, Asheville",2,3,0,2
2026-04-15,48486,"16 Fortunate Drive #B, Asheville",1,0,0,0
2026-04-15,50181,"110 Heywood Road #9b, Arden",2,0,0,0
2026-04-15,50582,"131 Tanner Trail, Waynesville",1,0,0,0
2026-04-16,29200,"114 Richmond Ave, Asheville",1,0,0,0
2026-04-16,30340,"68 Maple St, Canton",1,0,0,0
2026-04-16,32560,"18 Canterbury Rd, Asheville",2,0,0,0
2026-04-16,34711,"240 Ridgeview Ln, Mars Hill",1,0,0,0
2026-04-16,45236,"575 Country Oak Drive, Asheville",1,1,0,0
2026-04-16,50582,"131 Tanner Trail, Waynesville",1,0,0,0
2026-04-17,23534,"3 Penley Ave #B, Asheville",1,0,0,0
2026-04-17,29200,"114 Richmond Ave, Asheville",1,1,0,0
2026-04-17,32560,"18 Canterbury Rd, Asheville",1,0,0,0
2026-04-17,34711,"240 Ridgeview Ln, Mars Hill",0,1,0,0
2026-04-17,35600,"26 Reid St, Marion",3,0,0,0
2026-04-17,39486,"2383 Dutch Cove Rd #1, Canton",2,0,0,0
2026-04-17,45236,"575 Country Oak Drive, Asheville",0,1,0,0
2026-04-17,50582,"131 Tanner Trail, Waynesville",1,0,0,0
2026-04-18,23534,"3 Penley Ave #B, Asheville",1,0,0,0
2026-04-18,29200,"114 Richmond Ave, Asheville",2,0,0,0
2026-04-18,30340,"68 Maple St, Canton",2,0,0,0
2026-04-18,34711,"240 Ridgeview Ln, Mars Hill",1,0,0,0
2026-04-18,45236,"575 Country Oak Drive, Asheville",3,0,0,0
2026-04-19,29200,"114 Richmond Ave, Asheville",2,0,0,0
2026-04-19,32560,"18 Canterbury Rd, Asheville",1,0,0,0
2026-04-19,34711,"240 Ridgeview Ln, Mars Hill",1,0,0,0
2026-04-19,35600,"26 Reid St, Marion",1,0,0,0
2026-04-19,39487,"2383 Dutch Cove Rd #2, Canton",1,0,0,0
2026-04-19,39488,"2383 Dutch Cove Rd #3, Canton",1,0,0,0
2026-04-19,45236,"575 Country Oak Drive, Asheville",1,0,0,0
2026-04-19,45711,"510 Deaverview Road, Asheville",0,1,0,0
2026-04-20,32560,"18 Canterbury Rd, Asheville",0,4,0,1
2026-04-20,39488,"2383 Dutch Cove Rd #3, Canton",0,1,0,0
2026-04-20,45236,"575 Country Oak Drive, Asheville",0,0,0,1
2026-04-21,29200,"114 Richmond Ave, Asheville",0,1,0,0
2026-04-21,50582,"131 Tanner Trail, Waynesville",0,1,0,2
2026-04-22,39488,"2383 Dutch Cove Rd #3, Canton",0,0,0,1
2026-04-23,29200,"114 Richmond Ave, Asheville",0,1,0,0
2026-04-23,45236,"575 Country Oak Drive, Asheville",0,0,0,1
2026-04-24,29200,"114 Richmond Ave, Asheville",0,1,0,0
2026-04-24,50582,"131 Tanner Trail, Waynesville",0,1,0,0
2026-04-25,56794,"555 Baldwin Avenue, Marion",0,0,0,1
2026-04-27,30340,"68 Maple St, Canton",0,2,0,0
2026-04-27,32560,"18 Canterbury Rd, Asheville",0,0,0,1
2026-04-28,34711,"240 Ridgeview Ln, Mars Hill",0,1,0,0
2026-04-28,35600,"26 Reid St, Marion",0,1,0,0
2026-04-28,50181,"110 Heywood Road #9b, Arden",0,1,0,0
2026-04-28,50582,"131 Tanner Trail, Waynesville",0,1,0,1
2026-04-29,30340,"68 Maple St, Canton",0,1,0,0
2026-04-29,34711,"240 Ridgeview Ln, Mars Hill",0,0,0,1
2026-04-29,39486,"2383 Dutch Cove Rd #1, Canton",0,1,0,0
2026-04-29,50582,"131 Tanner Trail, Waynesville",0,1,0,0
2026-04-30,52846,"26 Reid Street #1, Marion",0,1,0,0
2026-05-02,37191,"588 Ray Hill Rd #D, Mills River",0,1,0,0
2026-05-04,30340,"68 Maple St, Canton",0,1,0,0
2026-05-04,56794,"555 Baldwin Avenue, Marion",0,1,0,0